Единица данных: идентификатор,Единица данных: количество,Показатель,Описание,Геообъект: идентификатор,Геообъект: название,Геообъект: код,"Долгота точки (град., дес.доли град)","Широта точки (град., дес.доли град)",Параметр: код,Параметр: значение,Параметр: значение (max),Параметр: значение (min),Единица измерения,Год
7,246,0.05,Панагия-Кубань,1508,Азовское море,31,37.695200,45.762800,TPHs,0.1624,1.8400,0.0000,мг/л,1995
8,205,100.0,Панагия-Кубань,1508,Азовское море,31,37.695200,45.762800,СПАВ,31.9902,140.0000,0.0000,мкг/л,1995
9,200,0.05,Панагия-Кубань,1508,Азовское море,31,37.695200,45.762800,TPHs,0.1653,1.1000,0.0000,мг/л,1997
10,152,100.0,Панагия-Кубань,1508,Азовское море,31,37.695200,45.762800,СПАВ,43.9145,160.0000,0.0000,мкг/л,1997
11,87,0.05,Панагия-Кубань,1508,Азовское море,31,37.695200,45.762800,TPHs,0.0432,0.1100,0.0000,мг/л,1998
12,67,100.0,Панагия-Кубань,1508,Азовское море,31,37.695200,45.762800,СПАВ,36.8358,140.0000,0.0000,мкг/л,1998
13,62,0.05,Панагия-Кубань,1508,Азовское море,31,37.695200,45.762800,TPHs,0.0232,0.0400,0.0000,мг/л,2000
14,53,100.0,Панагия-Кубань,1508,Азовское море,31,37.695200,45.762800,СПАВ,25.9811,46.0000,0.0000,мкг/л,2000
15,207,0.05,Панагия-Кубань,1508,Азовское море,31,37.695200,45.762800,TPHs,0.0226,0.1100,0.0000,мг/л,2002
16,159,100.0,Панагия-Кубань,1508,Азовское море,31,37.695200,45.762800,СПАВ,65.8302,270.0000,0.0000,мкг/л,2002
17,72,0.05,Панагия-Кубань,1508,Азовское море,31,37.695200,45.762800,TPHs,0.0425,0.6000,0.0200,мг/л,2003
18,54,100.0,Панагия-Кубань,1508,Азовское море,31,37.695200,45.762800,СПАВ,34.3333,240.0000,25.0000,мкг/л,2003
19,178,0.05,Панагия-Кубань,1508,Азовское море,31,37.695200,45.762800,TPHs,0.0397,0.1400,0.0000,мг/л,2005
20,140,100.0,Панагия-Кубань,1508,Азовское море,31,37.695200,45.762800,СПАВ,27.6714,57.0000,0.0000,мкг/л,2005
21,144,0.05,Панагия-Кубань,1508,Азовское море,31,37.695200,45.762800,TPHs,0.0360,0.1200,0.0000,мг/л,2006
22,96,100.0,Панагия-Кубань,1508,Азовское море,31,37.695200,45.762800,СПАВ,33.2083,100.0000,0.0000,мкг/л,2006
23,202,0.05,Панагия-Кубань,1508,Азовское море,31,37.695200,45.762800,TPHs,0.0330,0.2100,0.0000,мг/л,2007
24,154,100.0,Панагия-Кубань,1508,Азовское море,31,37.695200,45.762800,СПАВ,27.6234,71.0000,0.0000,мкг/л,2007
25,204,0.05,Панагия-Кубань,1508,Азовское море,31,37.695200,45.762800,TPHs,0.0382,0.2000,0.0000,мг/л,2008
26,156,100.0,Панагия-Кубань,1508,Азовское море,31,37.695200,45.762800,СПАВ,27.5577,46.0000,25.0000,мкг/л,2008
27,207,0.05,Панагия-Кубань,1508,Азовское море,31,37.695200,45.762800,TPHs,0.0404,0.2700,0.0000,мг/л,2009
28,159,100.0,Панагия-Кубань,1508,Азовское море,31,37.695200,45.762800,СПАВ,26.9057,63.0000,0.0000,мкг/л,2009
29,188,0.05,Панагия-Кубань,1508,Азовское море,31,37.695200,45.762800,TPHs,0.0387,0.2400,0.0000,мг/л,2010
30,140,100.0,Панагия-Кубань,1508,Азовское море,31,37.695200,45.762800,СПАВ,16.7786,48.0000,0.0000,мкг/л,2010
31,182,0.05,Панагия-Кубань,1508,Азовское море,31,37.695200,45.762800,TPHs,0.0418,0.1600,0.0000,мг/л,2011
32,140,100.0,Панагия-Кубань,1508,Азовское море,31,37.695200,45.762800,СПАВ,11.0643,18.0000,0.0000,мкг/л,2011
33,172,0.05,Панагия-Кубань,1508,Азовское море,31,37.695200,45.762800,TPHs,0.0484,0.2200,0.0000,мг/л,2012
34,134,100.0,Панагия-Кубань,1508,Азовское море,31,37.695200,45.762800,СПАВ,9.7836,23.0000,0.0000,мкг/л,2012
35,186,0.05,Панагия-Кубань,1508,Азовское море,31,37.695200,45.762800,TPHs,0.0395,0.2300,0.0200,мг/л,2013
36,139,100.0,Панагия-Кубань,1508,Азовское море,31,37.695200,45.762800,СПАВ,10.3094,19.0000,10.0000,мкг/л,2013
37,188,0.05,Панагия-Кубань,1508,Азовское море,31,37.695200,45.762800,TPHs,0.0405,0.2200,0.0000,мг/л,2014
38,140,100.0,Панагия-Кубань,1508,Азовское море,31,37.695200,45.762800,СПАВ,9.7643,18.0000,0.0000,мкг/л,2014
39,188,0.05,Панагия-Кубань,1508,Азовское море,31,37.695200,45.762800,TPHs,0.0409,0.2400,0.0000,мг/л,2015
40,140,100.0,Панагия-Кубань,1508,Азовское море,31,37.695200,45.762800,СПАВ,10.5286,34.0000,0.0000,мкг/л,2015
45,18,0.05,Таганрогский залив,2101,Азовское море,31,38.396300,46.967700,TPHs,0.0678,0.5900,0.0000,мг/л,1995
46,18,100.0,Таганрогский залив,2101,Азовское море,31,38.396300,46.967700,СПАВ,15.2222,40.0000,0.0000,мкг/л,1995
47,11,0.05,Таганрогский залив,2101,Азовское море,31,38.396300,46.967700,TPHs,0.0773,0.1500,0.0200,мг/л,1996
48,11,100.0,Таганрогский залив,2101,Азовское море,31,38.396300,46.967700,СПАВ,120.0000,180.0000,80.0000,мкг/л,1996
49,4,0.05,Таганрогский залив,2101,Азовское море,31,38.396300,46.967700,TPHs,0.0875,0.1100,0.0700,мг/л,1997
50,2,100.0,Таганрогский залив,2101,Азовское море,31,38.396300,46.967700,СПАВ,24.0000,24.0000,24.0000,мкг/л,1997
51,18,0.05,Таганрогский залив,2101,Азовское море,31,38.396300,46.967700,TPHs,0.0994,0.7900,0.0200,мг/л,1998
52,18,100.0,Таганрогский залив,2101,Азовское море,31,38.396300,46.967700,СПАВ,12.2222,40.0000,0.0000,мкг/л,1998
53,10,0.05,Таганрогский залив,2101,Азовское море,31,38.396300,46.967700,TPHs,0.0650,0.1000,0.0400,мг/л,1999
54,10,100.0,Таганрогский залив,2101,Азовское море,31,38.396300,46.967700,СПАВ,24.4000,28.0000,24.0000,мкг/л,1999
55,45,0.05,Таганрогский залив,2101,Азовское море,31,38.396300,46.967700,TPHs,0.0156,0.0900,0.0000,мг/л,2000
56,45,100.0,Таганрогский залив,2101,Азовское море,31,38.396300,46.967700,СПАВ,28.7111,115.0000,0.0000,мкг/л,2000
57,11,0.05,Таганрогский залив,2101,Азовское море,31,38.396300,46.967700,TPHs,0.0609,0.2100,0.0000,мг/л,2001
58,11,100.0,Таганрогский залив,2101,Азовское море,31,38.396300,46.967700,СПАВ,16.2727,145.0000,0.0000,мкг/л,2001
59,53,0.05,Таганрогский залив,2101,Азовское море,31,38.396300,46.967700,TPHs,0.0577,0.2100,0.0000,мг/л,2002
60,53,100.0,Таганрогский залив,2101,Азовское море,31,38.396300,46.967700,СПАВ,8.9811,40.0000,0.0000,мкг/л,2002
61,22,0.05,Таганрогский залив,2101,Азовское море,31,38.396300,46.967700,TPHs,0.0832,0.1600,0.0000,мг/л,2003
62,22,100.0,Таганрогский залив,2101,Азовское море,31,38.396300,46.967700,СПАВ,11.8182,60.0000,0.0000,мкг/л,2003
63,15,0.05,Таганрогский залив,2101,Азовское море,31,38.396300,46.967700,TPHs,0.1873,0.2700,0.0900,мг/л,2004
64,15,100.0,Таганрогский залив,2101,Азовское море,31,38.396300,46.967700,СПАВ,39.3333,70.0000,0.0000,мкг/л,2004
65,22,0.05,Таганрогский залив,2101,Азовское море,31,38.396300,46.967700,TPHs,0.2627,0.3900,0.0900,мг/л,2005
66,22,100.0,Таганрогский залив,2101,Азовское море,31,38.396300,46.967700,СПАВ,25.0000,60.0000,0.0000,мкг/л,2005
67,24,0.05,Таганрогский залив,2101,Азовское море,31,38.396300,46.967700,TPHs,0.0883,0.2800,0.0000,мг/л,2006
68,24,100.0,Таганрогский залив,2101,Азовское море,31,38.396300,46.967700,СПАВ,25.8333,50.0000,0.0000,мкг/л,2006
69,24,0.05,Таганрогский залив,2101,Азовское море,31,38.396300,46.967700,TPHs,0.0931,0.1800,0.0040,мг/л,2007
70,24,100.0,Таганрогский залив,2101,Азовское море,31,38.396300,46.967700,СПАВ,36.6667,50.0000,20.0000,мкг/л,2007
71,24,0.05,Таганрогский залив,2101,Азовское море,31,38.396300,46.967700,TPHs,0.0621,0.2000,0.0000,мг/л,2008
72,24,100.0,Таганрогский залив,2101,Азовское море,31,38.396300,46.967700,СПАВ,53.0000,230.0000,0.0000,мкг/л,2008
73,24,0.05,Таганрогский залив,2101,Азовское море,31,38.396300,46.967700,TPHs,0.0108,0.0800,0.0000,мг/л,2009
74,24,100.0,Таганрогский залив,2101,Азовское море,31,38.396300,46.967700,СПАВ,31.2500,100.0000,0.0000,мкг/л,2009
75,82,0.05,Таганрогский залив,2101,Азовское море,31,38.396300,46.967700,TPHs,0.0301,0.1600,0.0000,мг/л,2010
76,87,100.0,Таганрогский залив,2101,Азовское море,31,38.396300,46.967700,СПАВ,12.1839,90.0000,0.0000,мкг/л,2010
77,106,0.05,Таганрогский залив,2101,Азовское море,31,38.396300,46.967700,TPHs,0.1135,1.3900,0.0000,мг/л,2011
78,107,100.0,Таганрогский залив,2101,Азовское море,31,38.396300,46.967700,СПАВ,20.0093,70.0000,0.0000,мкг/л,2011
79,20,0.05,Таганрогский залив,2101,Азовское море,31,38.396300,46.967700,TPHs,0.0255,0.1000,0.0000,мг/л,2012
80,20,100.0,Таганрогский залив,2101,Азовское море,31,38.396300,46.967700,СПАВ,22.7500,46.0000,0.0000,мкг/л,2012
81,313,0.05,Финский залив,4501,Балтийское море,-1,26.603700,59.943700,TPHs,0.0417,0.4000,0.0400,мг/л,2011
82,270,100.0,Финский залив,4501,Балтийское море,-1,26.603700,59.943700,СПАВ,0.0201,0.0770,0.0000,мкг/л,2011
83,22,1.0,Финский залив,4501,Балтийское море,-1,26.603700,59.943700,Фенолы,0.0005,0.0007,0.0005,мкг/л,2011
84,343,0.05,Финский залив,4501,Балтийское море,-1,26.603700,59.943700,TPHs,0.0409,0.3000,0.0400,мг/л,2012
85,271,100.0,Финский залив,4501,Балтийское море,-1,26.603700,59.943700,СПАВ,0.0164,0.0530,0.0080,мкг/л,2012
86,2,1.0,Финский залив,4501,Балтийское море,-1,26.603700,59.943700,Фенолы,0.0007,0.0007,0.0006,мкг/л,2012
87,461,0.05,Финский залив,4501,Балтийское море,-1,26.603700,59.943700,TPHs,0.0559,1.0800,0.0400,мг/л,2013
88,392,100.0,Финский залив,4501,Балтийское море,-1,26.603700,59.943700,СПАВ,0.0204,0.0750,0.0100,мкг/л,2013
89,364,1.0,Финский залив,4501,Балтийское море,-1,26.603700,59.943700,Фенолы,0.0005,0.0009,0.0005,мкг/л,2013
90,397,0.05,Финский залив,4501,Балтийское море,-1,26.603700,59.943700,TPHs,0.0410,0.3500,0.0400,мг/л,2014
91,332,100.0,Финский залив,4501,Балтийское море,-1,26.603700,59.943700,СПАВ,0.0158,0.0700,0.0100,мкг/л,2014
92,313,1.0,Финский залив,4501,Балтийское море,-1,26.603700,59.943700,Фенолы,0.0005,0.0009,0.0005,мкг/л,2014
140,39,0.05,Двинский залив,5101,Белое море,8,39.014400,64.976900,TPHs,0.0105,0.0600,0.0000,мг/л,1995
141,18,100.0,Двинский залив,5101,Белое море,8,39.014400,64.976900,СПАВ,0.0522,0.1100,0.0200,мкг/л,1995
142,28,0.05,Двинский залив,5101,Белое море,8,39.014400,64.976900,TPHs,0.0214,0.2300,0.0000,мг/л,1996
143,27,100.0,Двинский залив,5101,Белое море,8,39.014400,64.976900,СПАВ,0.0659,0.1400,0.0200,мкг/л,1996
144,26,0.05,Двинский залив,5101,Белое море,8,39.014400,64.976900,TPHs,0.0504,0.4000,0.0000,мг/л,1997
145,14,100.0,Двинский залив,5101,Белое море,8,39.014400,64.976900,СПАВ,0.0257,0.0400,0.0100,мкг/л,1997
146,29,0.05,Двинский залив,5101,Белое море,8,39.014400,64.976900,TPHs,0.0183,0.1000,0.0000,мг/л,1998
147,28,0.05,Двинский залив,5101,Белое море,8,39.014400,64.976900,TPHs,0.0318,0.2200,0.0000,мг/л,1999
148,26,0.05,Двинский залив,5101,Белое море,8,39.014400,64.976900,TPHs,0.0242,0.0600,0.0000,мг/л,2000
149,8,0.05,Двинский залив,5101,Белое море,8,39.014400,64.976900,TPHs,0.0050,0.0400,0.0000,мг/л,2002
150,26,0.05,Двинский залив,5101,Белое море,8,39.014400,64.976900,TPHs,0.0123,0.0800,0.0000,мг/л,2003
151,16,0.05,Двинский залив,5101,Белое море,8,39.014400,64.976900,TPHs,0.0575,0.0700,0.0400,мг/л,2004
152,36,0.05,Двинский залив,5101,Белое море,8,39.014400,64.976900,TPHs,0.0225,0.1000,0.0000,мг/л,2008
153,36,0.05,Двинский залив,5101,Белое море,8,39.014400,64.976900,TPHs,0.0104,0.0800,0.0000,мг/л,2009
154,43,0.05,Двинский залив,5101,Белое море,8,39.014400,64.976900,TPHs,0.0130,0.0300,0.0000,мг/л,2010
155,44,0.05,Двинский залив,5101,Белое море,8,39.014400,64.976900,TPHs,0.0043,0.0100,0.0000,мг/л,2011
204,28,0.05,Дербент,3507,Каспийское море,0,48.434300,42.117300,TPHs,0.0350,0.0800,0.0000,мг/л,1995
205,28,1.0,Дербент,3507,Каспийское море,0,48.434300,42.117300,Фенолы,0.0036,0.0060,0.0020,мкг/л,1995
206,16,0.05,Дербент,3507,Каспийское море,0,48.434300,42.117300,TPHs,0.0288,0.0500,0.0000,мг/л,1996
207,16,1.0,Дербент,3507,Каспийское море,0,48.434300,42.117300,Фенолы,0.0032,0.0050,0.0020,мкг/л,1996
208,16,0.05,Дербент,3507,Каспийское море,0,48.434300,42.117300,TPHs,0.0381,0.0700,0.0000,мг/л,1997
209,16,1.0,Дербент,3507,Каспийское море,0,48.434300,42.117300,Фенолы,0.0039,0.0070,0.0020,мкг/л,1997
210,32,0.05,Дербент,3507,Каспийское море,0,48.434300,42.117300,TPHs,0.0525,0.2000,0.0000,мг/л,1998
211,32,1.0,Дербент,3507,Каспийское море,0,48.434300,42.117300,Фенолы,0.0032,0.0070,0.0000,мкг/л,1998
212,40,0.05,Дербент,3507,Каспийское море,0,48.434300,42.117300,TPHs,0.0760,0.2400,0.0000,мг/л,1999
213,40,1.0,Дербент,3507,Каспийское море,0,48.434300,42.117300,Фенолы,0.0044,0.0080,0.0020,мкг/л,1999
214,48,0.05,Дербент,3507,Каспийское море,0,48.434300,42.117300,TPHs,0.0306,0.0700,0.0000,мг/л,2000
215,48,1.0,Дербент,3507,Каспийское море,0,48.434300,42.117300,Фенолы,0.0026,0.0050,0.0000,мкг/л,2000
216,48,0.05,Дербент,3507,Каспийское море,0,48.434300,42.117300,TPHs,0.0621,0.3100,0.0000,мг/л,2001
217,48,1.0,Дербент,3507,Каспийское море,0,48.434300,42.117300,Фенолы,0.0031,0.0070,0.0000,мкг/л,2001
218,16,0.05,Дербент,3507,Каспийское море,0,48.434300,42.117300,TPHs,0.1106,0.4100,0.0000,мг/л,2002
219,16,1.0,Дербент,3507,Каспийское море,0,48.434300,42.117300,Фенолы,0.0023,0.0040,0.0000,мкг/л,2002
220,24,0.05,Дербент,3507,Каспийское море,0,48.434300,42.117300,TPHs,0.0692,0.1900,0.0100,мг/л,2003
221,24,1.0,Дербент,3507,Каспийское море,0,48.434300,42.117300,Фенолы,0.0023,0.0040,0.0010,мкг/л,2003
222,32,0.05,Дербент,3507,Каспийское море,0,48.434300,42.117300,TPHs,0.0428,0.1000,0.0000,мг/л,2004
223,32,1.0,Дербент,3507,Каспийское море,0,48.434300,42.117300,Фенолы,0.0024,0.0040,0.0010,мкг/л,2004
224,16,0.05,Дербент,3507,Каспийское море,0,48.434300,42.117300,TPHs,0.0444,0.0800,0.0100,мг/л,2005
225,16,1.0,Дербент,3507,Каспийское море,0,48.434300,42.117300,Фенолы,0.0027,0.0050,0.0010,мкг/л,2005
226,24,0.05,Дербент,3507,Каспийское море,0,48.434300,42.117300,TPHs,0.0471,0.1100,0.0100,мг/л,2006
227,24,1.0,Дербент,3507,Каспийское море,0,48.434300,42.117300,Фенолы,0.0032,0.0060,0.0010,мкг/л,2006
228,16,0.05,Дербент,3507,Каспийское море,0,48.434300,42.117300,TPHs,0.0425,0.0700,0.0200,мг/л,2007
229,16,1.0,Дербент,3507,Каспийское море,0,48.434300,42.117300,Фенолы,0.0034,0.0050,0.0020,мкг/л,2007
230,16,0.05,Дербент,3507,Каспийское море,0,48.434300,42.117300,TPHs,0.0450,0.0600,0.0300,мг/л,2008
231,16,100.0,Дербент,3507,Каспийское море,0,48.434300,42.117300,СПАВ,0.0029,0.0040,0.0020,мкг/л,2008
232,24,0.05,Дербент,3507,Каспийское море,0,48.434300,42.117300,TPHs,0.0517,0.0800,0.0300,мг/л,2009
233,12,100.0,Дербент,3507,Каспийское море,0,48.434300,42.117300,СПАВ,0.0043,0.0060,0.0030,мкг/л,2009
234,24,1.0,Дербент,3507,Каспийское море,0,48.434300,42.117300,Фенолы,0.0028,0.0040,0.0010,мкг/л,2009
235,32,0.05,Дербент,3507,Каспийское море,0,48.434300,42.117300,TPHs,0.0488,0.0700,0.0200,мг/л,2010
236,24,100.0,Дербент,3507,Каспийское море,0,48.434300,42.117300,СПАВ,0.0041,0.0060,0.0020,мкг/л,2010
237,32,1.0,Дербент,3507,Каспийское море,0,48.434300,42.117300,Фенолы,0.0039,0.0060,0.0020,мкг/л,2010
238,16,0.05,Дербент,3507,Каспийское море,0,48.434300,42.117300,TPHs,0.0469,0.0700,0.0200,мг/л,2011
239,8,100.0,Дербент,3507,Каспийское море,0,48.434300,42.117300,СПАВ,0.0041,0.0060,0.0020,мкг/л,2011
240,16,1.0,Дербент,3507,Каспийское море,0,48.434300,42.117300,Фенолы,0.0032,0.0050,0.0010,мкг/л,2011
241,24,0.05,Дербент,3507,Каспийское море,0,48.434300,42.117300,TPHs,0.0521,0.0700,0.0100,мг/л,2012
242,22,100.0,Дербент,3507,Каспийское море,0,48.434300,42.117300,СПАВ,0.0144,0.0300,0.0030,мкг/л,2012
243,8,1.0,Дербент,3507,Каспийское море,0,48.434300,42.117300,Фенолы,0.0033,0.0040,0.0020,мкг/л,2012
244,34,0.05,Дербент,3507,Каспийское море,0,48.434300,42.117300,TPHs,0.0753,0.2300,0.0020,мг/л,2013
245,34,100.0,Дербент,3507,Каспийское море,0,48.434300,42.117300,СПАВ,0.0263,0.0800,0.0079,мкг/л,2013
293,27,0.05,Избербаш,3506,Каспийское море,0,48.069400,42.540500,TPHs,0.0374,0.1000,0.0000,мг/л,1995
294,27,1.0,Избербаш,3506,Каспийское море,0,48.069400,42.540500,Фенолы,0.0043,0.0300,0.0010,мкг/л,1995
295,12,0.05,Избербаш,3506,Каспийское море,0,48.069400,42.540500,TPHs,0.0167,0.0500,0.0000,мг/л,1996
296,12,1.0,Избербаш,3506,Каспийское море,0,48.069400,42.540500,Фенолы,0.0036,0.0070,0.0020,мкг/л,1996
297,12,0.05,Избербаш,3506,Каспийское море,0,48.069400,42.540500,TPHs,0.0425,0.0900,0.0000,мг/л,1997
298,12,1.0,Избербаш,3506,Каспийское море,0,48.069400,42.540500,Фенолы,0.0042,0.0070,0.0020,мкг/л,1997
299,36,0.05,Избербаш,3506,Каспийское море,0,48.069400,42.540500,TPHs,0.0661,0.2700,0.0000,мг/л,1998
300,35,1.0,Избербаш,3506,Каспийское море,0,48.069400,42.540500,Фенолы,0.0032,0.0070,0.0000,мкг/л,1998
301,44,0.05,Избербаш,3506,Каспийское море,0,48.069400,42.540500,TPHs,0.0889,0.2100,0.0300,мг/л,1999
302,44,1.0,Избербаш,3506,Каспийское море,0,48.069400,42.540500,Фенолы,0.0053,0.0100,0.0010,мкг/л,1999
303,54,0.05,Избербаш,3506,Каспийское море,0,48.069400,42.540500,TPHs,0.0391,0.1000,0.0000,мг/л,2000
304,54,1.0,Избербаш,3506,Каспийское море,0,48.069400,42.540500,Фенолы,0.0032,0.0070,0.0000,мкг/л,2000
305,54,0.05,Избербаш,3506,Каспийское море,0,48.069400,42.540500,TPHs,0.0646,0.2600,0.0000,мг/л,2001
306,54,1.0,Избербаш,3506,Каспийское море,0,48.069400,42.540500,Фенолы,0.0035,0.0080,0.0000,мкг/л,2001
307,18,0.05,Избербаш,3506,Каспийское море,0,48.069400,42.540500,TPHs,0.1061,0.4100,0.0000,мг/л,2002
308,18,1.0,Избербаш,3506,Каспийское море,0,48.069400,42.540500,Фенолы,0.0032,0.0050,0.0020,мкг/л,2002
309,27,0.05,Избербаш,3506,Каспийское море,0,48.069400,42.540500,TPHs,0.0785,0.1800,0.0100,мг/л,2003
310,27,1.0,Избербаш,3506,Каспийское море,0,48.069400,42.540500,Фенолы,0.0029,0.0070,0.0010,мкг/л,2003
311,36,0.05,Избербаш,3506,Каспийское море,0,48.069400,42.540500,TPHs,0.0331,0.0600,0.0100,мг/л,2004
312,36,1.0,Избербаш,3506,Каспийское море,0,48.069400,42.540500,Фенолы,0.0023,0.0040,0.0010,мкг/л,2004
313,18,0.05,Избербаш,3506,Каспийское море,0,48.069400,42.540500,TPHs,0.0433,0.0600,0.0200,мг/л,2005
314,18,1.0,Избербаш,3506,Каспийское море,0,48.069400,42.540500,Фенолы,0.0032,0.0060,0.0010,мкг/л,2005
315,27,0.05,Избербаш,3506,Каспийское море,0,48.069400,42.540500,TPHs,0.0448,0.0700,0.0200,мг/л,2006
316,27,1.0,Избербаш,3506,Каспийское море,0,48.069400,42.540500,Фенолы,0.0031,0.0060,0.0010,мкг/л,2006
317,18,0.05,Избербаш,3506,Каспийское море,0,48.069400,42.540500,TPHs,0.0456,0.0700,0.0300,мг/л,2007
318,18,1.0,Избербаш,3506,Каспийское море,0,48.069400,42.540500,Фенолы,0.0036,0.0060,0.0020,мкг/л,2007
319,18,0.05,Избербаш,3506,Каспийское море,0,48.069400,42.540500,TPHs,0.0444,0.0600,0.0300,мг/л,2008
320,18,100.0,Избербаш,3506,Каспийское море,0,48.069400,42.540500,СПАВ,0.0032,0.0050,0.0020,мкг/л,2008
321,27,0.05,Избербаш,3506,Каспийское море,0,48.069400,42.540500,TPHs,0.0533,0.1000,0.0200,мг/л,2009
322,12,100.0,Избербаш,3506,Каспийское море,0,48.069400,42.540500,СПАВ,0.0039,0.0060,0.0030,мкг/л,2009
323,27,1.0,Избербаш,3506,Каспийское море,0,48.069400,42.540500,Фенолы,0.0029,0.0050,0.0020,мкг/л,2009
324,36,0.05,Избербаш,3506,Каспийское море,0,48.069400,42.540500,TPHs,0.0431,0.0700,0.0200,мг/л,2010
325,24,100.0,Избербаш,3506,Каспийское море,0,48.069400,42.540500,СПАВ,0.0035,0.0060,0.0020,мкг/л,2010
326,36,1.0,Избербаш,3506,Каспийское море,0,48.069400,42.540500,Фенолы,0.0029,0.0060,0.0010,мкг/л,2010
327,6,0.05,Избербаш,3506,Каспийское море,0,48.069400,42.540500,TPHs,0.0367,0.0500,0.0200,мг/л,2011
328,3,100.0,Избербаш,3506,Каспийское море,0,48.069400,42.540500,СПАВ,0.0033,0.0040,0.0020,мкг/л,2011
329,6,1.0,Избербаш,3506,Каспийское море,0,48.069400,42.540500,Фенолы,0.0032,0.0040,0.0020,мкг/л,2011
330,9,0.05,Избербаш,3506,Каспийское море,0,48.069400,42.540500,TPHs,0.0567,0.0700,0.0300,мг/л,2012
331,9,100.0,Избербаш,3506,Каспийское море,0,48.069400,42.540500,СПАВ,0.0090,0.0150,0.0030,мкг/л,2012
332,3,1.0,Избербаш,3506,Каспийское море,0,48.069400,42.540500,Фенолы,0.0023,0.0030,0.0020,мкг/л,2012
333,9,0.05,Избербаш,3506,Каспийское море,0,48.069400,42.540500,TPHs,0.0501,0.1200,0.0010,мг/л,2013
334,9,100.0,Избербаш,3506,Каспийское море,0,48.069400,42.540500,СПАВ,0.0342,0.0800,0.0089,мкг/л,2013
382,29,0.05,Каспийск,3505,Каспийское море,0,47.814200,42.859400,TPHs,0.0324,0.0800,0.0000,мг/л,1995
383,29,1.0,Каспийск,3505,Каспийское море,0,47.814200,42.859400,Фенолы,0.0032,0.0070,0.0010,мкг/л,1995
384,12,0.05,Каспийск,3505,Каспийское море,0,47.814200,42.859400,TPHs,0.0267,0.0500,0.0000,мг/л,1996
385,12,1.0,Каспийск,3505,Каспийское море,0,47.814200,42.859400,Фенолы,0.0032,0.0050,0.0020,мкг/л,1996
386,12,0.05,Каспийск,3505,Каспийское море,0,47.814200,42.859400,TPHs,0.0333,0.0700,0.0000,мг/л,1997
387,12,1.0,Каспийск,3505,Каспийское море,0,47.814200,42.859400,Фенолы,0.0045,0.0090,0.0020,мкг/л,1997
388,40,0.05,Каспийск,3505,Каспийское море,0,47.814200,42.859400,TPHs,0.0358,0.1100,0.0000,мг/л,1998
389,40,1.0,Каспийск,3505,Каспийское море,0,47.814200,42.859400,Фенолы,0.0036,0.0070,0.0000,мкг/л,1998
390,50,0.05,Каспийск,3505,Каспийское море,0,47.814200,42.859400,TPHs,0.0632,0.1700,0.0000,мг/л,1999
391,50,1.0,Каспийск,3505,Каспийское море,0,47.814200,42.859400,Фенолы,0.0041,0.0080,0.0000,мкг/л,1999
392,60,0.05,Каспийск,3505,Каспийское море,0,47.814200,42.859400,TPHs,0.0373,0.0700,0.0000,мг/л,2000
393,60,1.0,Каспийск,3505,Каспийское море,0,47.814200,42.859400,Фенолы,0.0032,0.0070,0.0000,мкг/л,2000
394,60,0.05,Каспийск,3505,Каспийское море,0,47.814200,42.859400,TPHs,0.0507,0.1500,0.0000,мг/л,2001
395,60,1.0,Каспийск,3505,Каспийское море,0,47.814200,42.859400,Фенолы,0.0041,0.0080,0.0000,мкг/л,2001
396,20,0.05,Каспийск,3505,Каспийское море,0,47.814200,42.859400,TPHs,0.0650,0.1400,0.0000,мг/л,2002
397,20,1.0,Каспийск,3505,Каспийское море,0,47.814200,42.859400,Фенолы,0.0032,0.0050,0.0000,мкг/л,2002
398,30,0.05,Каспийск,3505,Каспийское море,0,47.814200,42.859400,TPHs,0.1123,0.3100,0.0100,мг/л,2003
399,30,1.0,Каспийск,3505,Каспийское море,0,47.814200,42.859400,Фенолы,0.0029,0.0070,0.0010,мкг/л,2003
400,40,0.05,Каспийск,3505,Каспийское море,0,47.814200,42.859400,TPHs,0.0308,0.0500,0.0100,мг/л,2004
401,40,1.0,Каспийск,3505,Каспийское море,0,47.814200,42.859400,Фенолы,0.0027,0.0060,0.0010,мкг/л,2004
402,20,0.05,Каспийск,3505,Каспийское море,0,47.814200,42.859400,TPHs,0.0405,0.0600,0.0200,мг/л,2005
403,20,1.0,Каспийск,3505,Каспийское море,0,47.814200,42.859400,Фенолы,0.0026,0.0040,0.0010,мкг/л,2005
404,30,0.05,Каспийск,3505,Каспийское море,0,47.814200,42.859400,TPHs,0.0450,0.0700,0.0200,мг/л,2006
405,30,1.0,Каспийск,3505,Каспийское море,0,47.814200,42.859400,Фенолы,0.0032,0.0060,0.0010,мкг/л,2006
406,20,0.05,Каспийск,3505,Каспийское море,0,47.814200,42.859400,TPHs,0.0490,0.0800,0.0200,мг/л,2007
407,20,1.0,Каспийск,3505,Каспийское море,0,47.814200,42.859400,Фенолы,0.0041,0.0060,0.0020,мкг/л,2007
408,20,0.05,Каспийск,3505,Каспийское море,0,47.814200,42.859400,TPHs,0.0495,0.0700,0.0300,мг/л,2008
409,20,100.0,Каспийск,3505,Каспийское море,0,47.814200,42.859400,СПАВ,0.0032,0.0050,0.0020,мкг/л,2008
410,30,0.05,Каспийск,3505,Каспийское море,0,47.814200,42.859400,TPHs,0.0620,0.1300,0.0200,мг/л,2009
411,20,100.0,Каспийск,3505,Каспийское море,0,47.814200,42.859400,СПАВ,0.0030,0.0050,0.0010,мкг/л,2009
412,30,1.0,Каспийск,3505,Каспийское море,0,47.814200,42.859400,Фенолы,0.0034,0.0060,0.0010,мкг/л,2009
413,40,0.05,Каспийск,3505,Каспийское море,0,47.814200,42.859400,TPHs,0.0475,0.0700,0.0200,мг/л,2010
414,40,100.0,Каспийск,3505,Каспийское море,0,47.814200,42.859400,СПАВ,0.0037,0.0060,0.0020,мкг/л,2010
415,40,1.0,Каспийск,3505,Каспийское море,0,47.814200,42.859400,Фенолы,0.0032,0.0060,0.0010,мкг/л,2010
416,34,0.05,Каспийск,3505,Каспийское море,0,47.814200,42.859400,TPHs,0.0397,0.0800,0.0100,мг/л,2011
417,22,100.0,Каспийск,3505,Каспийское море,0,47.814200,42.859400,СПАВ,0.0035,0.0060,0.0000,мкг/л,2011
418,34,1.0,Каспийск,3505,Каспийское море,0,47.814200,42.859400,Фенолы,0.0024,0.0050,0.0000,мкг/л,2011
419,38,0.05,Каспийск,3505,Каспийское море,0,47.814200,42.859400,TPHs,0.0829,0.2400,0.0400,мг/л,2012
420,38,100.0,Каспийск,3505,Каспийское море,0,47.814200,42.859400,СПАВ,0.0152,0.0800,0.0020,мкг/л,2012
421,13,1.0,Каспийск,3505,Каспийское море,0,47.814200,42.859400,Фенолы,0.0030,0.0050,0.0020,мкг/л,2012
422,41,0.05,Каспийск,3505,Каспийское море,0,47.814200,42.859400,TPHs,0.0684,0.2300,0.0010,мг/л,2013
423,41,100.0,Каспийск,3505,Каспийское море,0,47.814200,42.859400,СПАВ,0.0332,0.1000,0.0089,мкг/л,2013
469,24,0.05,Лопатин,3501,Каспийское море,0,47.827100,43.800300,TPHs,0.0363,0.1000,0.0000,мг/л,1995
470,24,1.0,Лопатин,3501,Каспийское море,0,47.827100,43.800300,Фенолы,0.0036,0.0090,0.0010,мкг/л,1995
471,6,0.05,Лопатин,3501,Каспийское море,0,47.827100,43.800300,TPHs,0.0367,0.0500,0.0300,мг/л,1996
472,6,1.0,Лопатин,3501,Каспийское море,0,47.827100,43.800300,Фенолы,0.0047,0.0070,0.0030,мкг/л,1996
473,11,0.05,Лопатин,3501,Каспийское море,0,47.827100,43.800300,TPHs,0.0436,0.0700,0.0000,мг/л,1997
474,11,1.0,Лопатин,3501,Каспийское море,0,47.827100,43.800300,Фенолы,0.0044,0.0050,0.0030,мкг/л,1997
475,30,0.05,Лопатин,3501,Каспийское море,0,47.827100,43.800300,TPHs,0.0453,0.1100,0.0000,мг/л,1998
476,30,1.0,Лопатин,3501,Каспийское море,0,47.827100,43.800300,Фенолы,0.0044,0.0090,0.0010,мкг/л,1998
477,36,0.05,Лопатин,3501,Каспийское море,0,47.827100,43.800300,TPHs,0.0461,0.1000,0.0000,мг/л,1999
478,36,1.0,Лопатин,3501,Каспийское море,0,47.827100,43.800300,Фенолы,0.0038,0.0070,0.0000,мкг/л,1999
479,36,0.05,Лопатин,3501,Каспийское море,0,47.827100,43.800300,TPHs,0.0382,0.2300,0.0000,мг/л,2000
480,36,1.0,Лопатин,3501,Каспийское море,0,47.827100,43.800300,Фенолы,0.0028,0.0050,0.0020,мкг/л,2000
481,39,0.05,Лопатин,3501,Каспийское море,0,47.827100,43.800300,TPHs,0.0626,0.2700,0.0000,мг/л,2001
482,39,1.0,Лопатин,3501,Каспийское море,0,47.827100,43.800300,Фенолы,0.0033,0.0060,0.0010,мкг/л,2001
483,12,0.05,Лопатин,3501,Каспийское море,0,47.827100,43.800300,TPHs,0.0975,0.2600,0.0300,мг/л,2002
484,12,1.0,Лопатин,3501,Каспийское море,0,47.827100,43.800300,Фенолы,0.0036,0.0070,0.0020,мкг/л,2002
485,33,0.05,Лопатин,3501,Каспийское море,0,47.827100,43.800300,TPHs,0.0518,0.1600,0.0000,мг/л,2003
486,33,1.0,Лопатин,3501,Каспийское море,0,47.827100,43.800300,Фенолы,0.0036,0.0060,0.0020,мкг/л,2003
487,30,0.05,Лопатин,3501,Каспийское море,0,47.827100,43.800300,TPHs,0.0337,0.0600,0.0000,мг/л,2004
488,30,1.0,Лопатин,3501,Каспийское море,0,47.827100,43.800300,Фенолы,0.0024,0.0040,0.0010,мкг/л,2004
489,24,0.05,Лопатин,3501,Каспийское море,0,47.827100,43.800300,TPHs,0.0421,0.0700,0.0200,мг/л,2005
490,23,1.0,Лопатин,3501,Каспийское море,0,47.827100,43.800300,Фенолы,0.0024,0.0040,0.0010,мкг/л,2005
491,18,0.05,Лопатин,3501,Каспийское море,0,47.827100,43.800300,TPHs,0.0417,0.0600,0.0200,мг/л,2006
492,18,1.0,Лопатин,3501,Каспийское море,0,47.827100,43.800300,Фенолы,0.0025,0.0040,0.0010,мкг/л,2006
493,24,0.05,Лопатин,3501,Каспийское море,0,47.827100,43.800300,TPHs,0.0433,0.0600,0.0200,мг/л,2007
494,24,1.0,Лопатин,3501,Каспийское море,0,47.827100,43.800300,Фенолы,0.0027,0.0040,0.0010,мкг/л,2007
495,24,0.05,Лопатин,3501,Каспийское море,0,47.827100,43.800300,TPHs,0.0508,0.0800,0.0300,мг/л,2008
496,24,100.0,Лопатин,3501,Каспийское море,0,47.827100,43.800300,СПАВ,0.0031,0.0050,0.0010,мкг/л,2008
497,18,0.05,Лопатин,3501,Каспийское море,0,47.827100,43.800300,TPHs,0.0500,0.0800,0.0200,мг/л,2009
498,12,100.0,Лопатин,3501,Каспийское море,0,47.827100,43.800300,СПАВ,0.0033,0.0050,0.0020,мкг/л,2009
499,18,1.0,Лопатин,3501,Каспийское море,0,47.827100,43.800300,Фенолы,0.0026,0.0040,0.0010,мкг/л,2009
500,30,0.05,Лопатин,3501,Каспийское море,0,47.827100,43.800300,TPHs,0.0443,0.0600,0.0200,мг/л,2010
501,30,100.0,Лопатин,3501,Каспийское море,0,47.827100,43.800300,СПАВ,0.0033,0.0050,0.0010,мкг/л,2010
502,30,1.0,Лопатин,3501,Каспийское море,0,47.827100,43.800300,Фенолы,0.0029,0.0050,0.0010,мкг/л,2010
503,12,0.05,Лопатин,3501,Каспийское море,0,47.827100,43.800300,TPHs,0.0383,0.0700,0.0200,мг/л,2011
504,6,100.0,Лопатин,3501,Каспийское море,0,47.827100,43.800300,СПАВ,0.0038,0.0060,0.0030,мкг/л,2011
505,12,1.0,Лопатин,3501,Каспийское море,0,47.827100,43.800300,Фенолы,0.0026,0.0050,0.0010,мкг/л,2011
506,24,0.05,Лопатин,3501,Каспийское море,0,47.827100,43.800300,TPHs,0.0725,0.1700,0.0200,мг/л,2012
507,12,100.0,Лопатин,3501,Каспийское море,0,47.827100,43.800300,СПАВ,0.0093,0.0160,0.0050,мкг/л,2012
508,12,1.0,Лопатин,3501,Каспийское море,0,47.827100,43.800300,Фенолы,0.0022,0.0030,0.0010,мкг/л,2012
509,30,0.05,Лопатин,3501,Каспийское море,0,47.827100,43.800300,TPHs,0.0546,0.2000,0.0010,мг/л,2013
510,30,100.0,Лопатин,3501,Каспийское море,0,47.827100,43.800300,СПАВ,0.0318,0.0900,0.0064,мкг/л,2013
558,76,0.05,Махачкала,3504,Каспийское море,0,47.660300,43.067600,TPHs,0.0424,0.2500,0.0000,мг/л,1995
559,76,1.0,Махачкала,3504,Каспийское море,0,47.660300,43.067600,Фенолы,0.0037,0.0070,0.0020,мкг/л,1995
560,20,0.05,Махачкала,3504,Каспийское море,0,47.660300,43.067600,TPHs,0.0345,0.0600,0.0000,мг/л,1996
561,20,1.0,Махачкала,3504,Каспийское море,0,47.660300,43.067600,Фенолы,0.0033,0.0050,0.0020,мкг/л,1996
562,21,0.05,Махачкала,3504,Каспийское море,0,47.660300,43.067600,TPHs,0.0400,0.0900,0.0000,мг/л,1997
563,21,1.0,Махачкала,3504,Каспийское море,0,47.660300,43.067600,Фенолы,0.0044,0.0090,0.0020,мкг/л,1997
564,104,0.05,Махачкала,3504,Каспийское море,0,47.660300,43.067600,TPHs,0.0489,0.3900,0.0000,мг/л,1998
565,104,1.0,Махачкала,3504,Каспийское море,0,47.660300,43.067600,Фенолы,0.0039,0.0130,0.0000,мкг/л,1998
566,127,0.05,Махачкала,3504,Каспийское море,0,47.660300,43.067600,TPHs,0.0620,0.1800,0.0000,мг/л,1999
567,127,1.0,Махачкала,3504,Каспийское море,0,47.660300,43.067600,Фенолы,0.0047,0.0100,0.0000,мкг/л,1999
568,132,0.05,Махачкала,3504,Каспийское море,0,47.660300,43.067600,TPHs,0.0305,0.1200,0.0000,мг/л,2000
569,132,1.0,Махачкала,3504,Каспийское море,0,47.660300,43.067600,Фенолы,0.0030,0.0070,0.0000,мкг/л,2000
570,132,0.05,Махачкала,3504,Каспийское море,0,47.660300,43.067600,TPHs,0.0371,0.1500,0.0000,мг/л,2001
571,132,1.0,Махачкала,3504,Каспийское море,0,47.660300,43.067600,Фенолы,0.0035,0.0080,0.0000,мкг/л,2001
572,44,0.05,Махачкала,3504,Каспийское море,0,47.660300,43.067600,TPHs,0.0398,0.1400,0.0000,мг/л,2002
573,44,1.0,Махачкала,3504,Каспийское море,0,47.660300,43.067600,Фенолы,0.0037,0.0070,0.0020,мкг/л,2002
574,68,0.05,Махачкала,3504,Каспийское море,0,47.660300,43.067600,TPHs,0.0851,0.3100,0.0100,мг/л,2003
575,68,1.0,Махачкала,3504,Каспийское море,0,47.660300,43.067600,Фенолы,0.0041,0.0090,0.0010,мкг/л,2003
576,88,0.05,Махачкала,3504,Каспийское море,0,47.660300,43.067600,TPHs,0.0438,0.1200,0.0100,мг/л,2004
577,88,1.0,Махачкала,3504,Каспийское море,0,47.660300,43.067600,Фенолы,0.0030,0.0060,0.0010,мкг/л,2004
578,27,0.05,Махачкала,3504,Каспийское море,0,47.660300,43.067600,TPHs,0.0522,0.0800,0.0200,мг/л,2005
579,27,1.0,Махачкала,3504,Каспийское море,0,47.660300,43.067600,Фенолы,0.0027,0.0050,0.0010,мкг/л,2005
580,66,0.05,Махачкала,3504,Каспийское море,0,47.660300,43.067600,TPHs,0.0495,0.0700,0.0200,мг/л,2006
581,66,1.0,Махачкала,3504,Каспийское море,0,47.660300,43.067600,Фенолы,0.0031,0.0060,0.0010,мкг/л,2006
582,61,0.05,Махачкала,3504,Каспийское море,0,47.660300,43.067600,TPHs,0.0457,0.0700,0.0200,мг/л,2007
583,61,1.0,Махачкала,3504,Каспийское море,0,47.660300,43.067600,Фенолы,0.0034,0.0060,0.0010,мкг/л,2007
584,44,0.05,Махачкала,3504,Каспийское море,0,47.660300,43.067600,TPHs,0.0489,0.0700,0.0300,мг/л,2008
585,44,100.0,Махачкала,3504,Каспийское море,0,47.660300,43.067600,СПАВ,0.0032,0.0050,0.0020,мкг/л,2008
586,100,0.05,Махачкала,3504,Каспийское море,0,47.660300,43.067600,TPHs,0.0579,0.1300,0.0200,мг/л,2009
587,78,100.0,Махачкала,3504,Каспийское море,0,47.660300,43.067600,СПАВ,0.0041,0.0070,0.0010,мкг/л,2009
588,100,1.0,Махачкала,3504,Каспийское море,0,47.660300,43.067600,Фенолы,0.0035,0.0060,0.0010,мкг/л,2009
589,105,0.05,Махачкала,3504,Каспийское море,0,47.660300,43.067600,TPHs,0.0488,0.0700,0.0200,мг/л,2010
590,105,100.0,Махачкала,3504,Каспийское море,0,47.660300,43.067600,СПАВ,0.0038,0.0070,0.0010,мкг/л,2010
591,105,1.0,Махачкала,3504,Каспийское море,0,47.660300,43.067600,Фенолы,0.0034,0.0060,0.0010,мкг/л,2010
592,57,0.05,Махачкала,3504,Каспийское море,0,47.660300,43.067600,TPHs,0.0467,0.0800,0.0200,мг/л,2011
593,38,100.0,Махачкала,3504,Каспийское море,0,47.660300,43.067600,СПАВ,0.0040,0.0070,0.0010,мкг/л,2011
594,57,1.0,Махачкала,3504,Каспийское море,0,47.660300,43.067600,Фенолы,0.0031,0.0060,0.0000,мкг/л,2011
595,78,0.05,Махачкала,3504,Каспийское море,0,47.660300,43.067600,TPHs,0.0669,0.1700,0.0100,мг/л,2012
596,44,100.0,Махачкала,3504,Каспийское море,0,47.660300,43.067600,СПАВ,0.0172,0.0300,0.0000,мкг/л,2012
597,37,1.0,Махачкала,3504,Каспийское море,0,47.660300,43.067600,Фенолы,0.0041,0.0070,0.0010,мкг/л,2012
598,100,0.05,Махачкала,3504,Каспийское море,0,47.660300,43.067600,TPHs,0.0668,0.2300,0.0010,мг/л,2013
599,100,100.0,Махачкала,3504,Каспийское море,0,47.660300,43.067600,СПАВ,0.0362,0.1100,0.0074,мкг/л,2013
688,12,0.05,Разрез 2,3602,Каспийское море,0,49.964600,45.265600,TPHs,0.0900,0.1600,0.0300,мг/л,2013
689,10,100.0,Разрез 2,3602,Каспийское море,0,49.964600,45.265600,СПАВ,0.0306,0.0900,0.0090,мкг/л,2013
734,33,0.05,Разрез 3,3603,Каспийское море,0,48.940200,44.895500,TPHs,0.0864,0.3400,0.0100,мг/л,2009
735,33,100.0,Разрез 3,3603,Каспийское море,0,48.940200,44.895500,СПАВ,0.0430,0.0720,0.0290,мкг/л,2009
736,33,1.0,Разрез 3,3603,Каспийское море,0,48.940200,44.895500,Фенолы,0.0020,0.0030,0.0010,мкг/л,2009
737,36,0.05,Разрез 3,3603,Каспийское море,0,48.940200,44.895500,TPHs,0.0514,0.1300,0.0000,мг/л,2010
738,36,100.0,Разрез 3,3603,Каспийское море,0,48.940200,44.895500,СПАВ,0.0447,0.0700,0.0100,мкг/л,2010
739,36,1.0,Разрез 3,3603,Каспийское море,0,48.940200,44.895500,Фенолы,0.0014,0.0040,0.0000,мкг/л,2010
740,52,0.05,Разрез 3,3603,Каспийское море,0,48.940200,44.895500,TPHs,0.0554,0.1100,0.0000,мг/л,2011
741,52,1.0,Разрез 3,3603,Каспийское море,0,48.940200,44.895500,Фенолы,0.0011,0.0020,0.0000,мкг/л,2011
742,52,0.05,Разрез 3,3603,Каспийское море,0,48.940200,44.895500,TPHs,0.0883,0.1900,0.0200,мг/л,2012
743,32,100.0,Разрез 3,3603,Каспийское море,0,48.940200,44.895500,СПАВ,0.0135,0.0230,0.0070,мкг/л,2012
744,20,1.0,Разрез 3,3603,Каспийское море,0,48.940200,44.895500,Фенолы,0.0020,0.0050,0.0010,мкг/л,2012
745,58,0.05,Разрез 3,3603,Каспийское море,0,48.940200,44.895500,TPHs,0.0597,0.1400,0.0000,мг/л,2013
746,58,100.0,Разрез 3,3603,Каспийское море,0,48.940200,44.895500,СПАВ,0.0618,0.1700,0.0110,мкг/л,2013
747,56,1.0,Разрез 3,3603,Каспийское море,0,48.940200,44.895500,Фенолы,0.0010,0.0020,0.0000,мкг/л,2013
792,10,0.05,Разрез 3а,3633,Каспийское море,0,48.002200,44.484100,TPHs,0.0174,0.0300,0.0000,мг/л,2000
793,12,1.0,Разрез 3а,3633,Каспийское море,0,48.002200,44.484100,Фенолы,0.0029,0.0040,0.0020,мкг/л,2000
794,3,0.05,Разрез 3а,3633,Каспийское море,0,48.002200,44.484100,TPHs,0.0300,0.0300,0.0300,мг/л,2001
795,3,1.0,Разрез 3а,3633,Каспийское море,0,48.002200,44.484100,Фенолы,0.0030,0.0030,0.0030,мкг/л,2001
796,6,0.05,Разрез 3а,3633,Каспийское море,0,48.002200,44.484100,TPHs,0.0183,0.0400,0.0000,мг/л,2002
797,6,1.0,Разрез 3а,3633,Каспийское море,0,48.002200,44.484100,Фенолы,0.0027,0.0050,0.0010,мкг/л,2002
798,6,0.05,Разрез 3а,3633,Каспийское море,0,48.002200,44.484100,TPHs,0.0300,0.0500,0.0100,мг/л,2003
799,6,1.0,Разрез 3а,3633,Каспийское море,0,48.002200,44.484100,Фенолы,0.0017,0.0030,0.0000,мкг/л,2003
800,9,0.05,Разрез 3а,3633,Каспийское море,0,48.002200,44.484100,TPHs,0.0333,0.0500,0.0200,мг/л,2004
801,9,1.0,Разрез 3а,3633,Каспийское море,0,48.002200,44.484100,Фенолы,0.0017,0.0030,0.0010,мкг/л,2004
802,6,0.05,Разрез 3а,3633,Каспийское море,0,48.002200,44.484100,TPHs,0.0383,0.0600,0.0300,мг/л,2005
803,6,1.0,Разрез 3а,3633,Каспийское море,0,48.002200,44.484100,Фенолы,0.0018,0.0030,0.0010,мкг/л,2005
804,6,0.05,Разрез 3а,3633,Каспийское море,0,48.002200,44.484100,TPHs,0.0383,0.0500,0.0200,мг/л,2006
805,6,1.0,Разрез 3а,3633,Каспийское море,0,48.002200,44.484100,Фенолы,0.0020,0.0030,0.0010,мкг/л,2006
806,6,0.05,Разрез 3а,3633,Каспийское море,0,48.002200,44.484100,TPHs,0.0417,0.0600,0.0300,мг/л,2007
807,6,1.0,Разрез 3а,3633,Каспийское море,0,48.002200,44.484100,Фенолы,0.0030,0.0040,0.0020,мкг/л,2007
808,9,0.05,Разрез 3а,3633,Каспийское море,0,48.002200,44.484100,TPHs,0.0556,0.1000,0.0300,мг/л,2008
809,9,100.0,Разрез 3а,3633,Каспийское море,0,48.002200,44.484100,СПАВ,0.0034,0.0050,0.0020,мкг/л,2008
810,48,0.05,Разрез 3а,3633,Каспийское море,0,48.002200,44.484100,TPHs,0.0735,0.5000,0.0100,мг/л,2009
811,45,100.0,Разрез 3а,3633,Каспийское море,0,48.002200,44.484100,СПАВ,0.0368,0.0880,0.0010,мкг/л,2009
812,48,1.0,Разрез 3а,3633,Каспийское море,0,48.002200,44.484100,Фенолы,0.0026,0.0050,0.0010,мкг/л,2009
813,45,0.05,Разрез 3а,3633,Каспийское море,0,48.002200,44.484100,TPHs,0.0431,0.1500,0.0000,мг/л,2010
814,45,100.0,Разрез 3а,3633,Каспийское море,0,48.002200,44.484100,СПАВ,0.0400,0.0600,0.0100,мкг/л,2010
815,45,1.0,Разрез 3а,3633,Каспийское море,0,48.002200,44.484100,Фенолы,0.0019,0.0040,0.0010,мкг/л,2010
816,82,0.05,Разрез 3а,3633,Каспийское море,0,48.002200,44.484100,TPHs,0.0726,0.1600,0.0000,мг/л,2011
817,3,100.0,Разрез 3а,3633,Каспийское море,0,48.002200,44.484100,СПАВ,0.0037,0.0050,0.0030,мкг/л,2011
818,82,1.0,Разрез 3а,3633,Каспийское море,0,48.002200,44.484100,Фенолы,0.0011,0.0040,0.0000,мкг/л,2011
819,72,0.05,Разрез 3а,3633,Каспийское море,0,48.002200,44.484100,TPHs,0.0925,0.2100,0.0100,мг/л,2012
820,44,100.0,Разрез 3а,3633,Каспийское море,0,48.002200,44.484100,СПАВ,0.0121,0.0270,0.0000,мкг/л,2012
821,22,1.0,Разрез 3а,3633,Каспийское море,0,48.002200,44.484100,Фенолы,0.0020,0.0050,0.0010,мкг/л,2012
822,79,0.05,Разрез 3а,3633,Каспийское море,0,48.002200,44.484100,TPHs,0.0576,0.2200,0.0000,мг/л,2013
823,79,100.0,Разрез 3а,3633,Каспийское море,0,48.002200,44.484100,СПАВ,0.0581,0.1920,0.0050,мкг/л,2013
824,64,1.0,Разрез 3а,3633,Каспийское море,0,48.002200,44.484100,Фенолы,0.0012,0.0040,0.0000,мкг/л,2013
869,19,0.05,Сев.Каспий,3201,Каспийское море,0,50.515700,45.856400,TPHs,0.0926,0.3400,0.0100,мг/л,2009
870,19,100.0,Сев.Каспий,3201,Каспийское море,0,50.515700,45.856400,СПАВ,0.0447,0.0810,0.0290,мкг/л,2009
871,19,1.0,Сев.Каспий,3201,Каспийское море,0,50.515700,45.856400,Фенолы,0.0023,0.0050,0.0010,мкг/л,2009
872,22,0.05,Сев.Каспий,3201,Каспийское море,0,50.515700,45.856400,TPHs,0.0509,0.1300,0.0000,мг/л,2010
873,22,100.0,Сев.Каспий,3201,Каспийское море,0,50.515700,45.856400,СПАВ,0.0400,0.0700,0.0100,мкг/л,2010
874,22,1.0,Сев.Каспий,3201,Каспийское море,0,50.515700,45.856400,Фенолы,0.0015,0.0040,0.0000,мкг/л,2010
875,34,0.05,Сев.Каспий,3201,Каспийское море,0,50.515700,45.856400,TPHs,0.0629,0.1200,0.0000,мг/л,2011
876,34,1.0,Сев.Каспий,3201,Каспийское море,0,50.515700,45.856400,Фенолы,0.0010,0.0020,0.0000,мкг/л,2011
877,32,0.05,Сев.Каспий,3201,Каспийское море,0,50.515700,45.856400,TPHs,0.0916,0.2100,0.0200,мг/л,2012
878,20,100.0,Сев.Каспий,3201,Каспийское море,0,50.515700,45.856400,СПАВ,0.0135,0.0230,0.0050,мкг/л,2012
879,12,1.0,Сев.Каспий,3201,Каспийское море,0,50.515700,45.856400,Фенолы,0.0018,0.0030,0.0010,мкг/л,2012
880,96,0.05,Сев.Каспий,3201,Каспийское море,0,50.515700,45.856400,TPHs,0.0779,0.2200,0.0000,мг/л,2013
881,84,100.0,Сев.Каспий,3201,Каспийское море,0,50.515700,45.856400,СПАВ,0.0544,0.2700,0.0060,мкг/л,2013
882,36,1.0,Сев.Каспий,3201,Каспийское море,0,50.515700,45.856400,Фенолы,0.0010,0.0020,0.0000,мкг/л,2013
930,36,0.05,Сулак,3503,Каспийское море,0,47.637300,43.291400,TPHs,0.0289,0.0700,0.0000,мг/л,1995
931,36,1.0,Сулак,3503,Каспийское море,0,47.637300,43.291400,Фенолы,0.0033,0.0070,0.0010,мкг/л,1995
932,6,0.05,Сулак,3503,Каспийское море,0,47.637300,43.291400,TPHs,0.0400,0.0700,0.0200,мг/л,1996
933,6,1.0,Сулак,3503,Каспийское море,0,47.637300,43.291400,Фенолы,0.0040,0.0050,0.0030,мкг/л,1996
934,11,0.05,Сулак,3503,Каспийское море,0,47.637300,43.291400,TPHs,0.0536,0.1500,0.0000,мг/л,1997
935,11,1.0,Сулак,3503,Каспийское море,0,47.637300,43.291400,Фенолы,0.0051,0.0080,0.0030,мкг/л,1997
936,50,0.05,Сулак,3503,Каспийское море,0,47.637300,43.291400,TPHs,0.0334,0.0900,0.0000,мг/л,1998
937,50,1.0,Сулак,3503,Каспийское море,0,47.637300,43.291400,Фенолы,0.0041,0.0100,0.0010,мкг/л,1998
938,60,0.05,Сулак,3503,Каспийское море,0,47.637300,43.291400,TPHs,0.0765,0.2100,0.0000,мг/л,1999
939,60,1.0,Сулак,3503,Каспийское море,0,47.637300,43.291400,Фенолы,0.0047,0.0100,0.0020,мкг/л,1999
940,60,0.05,Сулак,3503,Каспийское море,0,47.637300,43.291400,TPHs,0.0335,0.1400,0.0000,мг/л,2000
941,60,1.0,Сулак,3503,Каспийское море,0,47.637300,43.291400,Фенолы,0.0028,0.0070,0.0000,мкг/л,2000
942,60,0.05,Сулак,3503,Каспийское море,0,47.637300,43.291400,TPHs,0.0360,0.1400,0.0000,мг/л,2001
943,60,1.0,Сулак,3503,Каспийское море,0,47.637300,43.291400,Фенолы,0.0031,0.0060,0.0000,мкг/л,2001
944,20,0.05,Сулак,3503,Каспийское море,0,47.637300,43.291400,TPHs,0.0345,0.0600,0.0000,мг/л,2002
945,20,1.0,Сулак,3503,Каспийское море,0,47.637300,43.291400,Фенолы,0.0036,0.0050,0.0020,мкг/л,2002
946,60,0.05,Сулак,3503,Каспийское море,0,47.637300,43.291400,TPHs,0.0465,0.2500,0.0000,мг/л,2003
947,60,1.0,Сулак,3503,Каспийское море,0,47.637300,43.291400,Фенолы,0.0038,0.0080,0.0010,мкг/л,2003
948,50,0.05,Сулак,3503,Каспийское море,0,47.637300,43.291400,TPHs,0.0368,0.0800,0.0000,мг/л,2004
949,50,1.0,Сулак,3503,Каспийское море,0,47.637300,43.291400,Фенолы,0.0031,0.0060,0.0010,мкг/л,2004
950,40,0.05,Сулак,3503,Каспийское море,0,47.637300,43.291400,TPHs,0.0405,0.0600,0.0200,мг/л,2005
951,40,1.0,Сулак,3503,Каспийское море,0,47.637300,43.291400,Фенолы,0.0030,0.0050,0.0010,мкг/л,2005
952,30,0.05,Сулак,3503,Каспийское море,0,47.637300,43.291400,TPHs,0.0413,0.0600,0.0100,мг/л,2006
953,30,1.0,Сулак,3503,Каспийское море,0,47.637300,43.291400,Фенолы,0.0030,0.0050,0.0010,мкг/л,2006
954,40,0.05,Сулак,3503,Каспийское море,0,47.637300,43.291400,TPHs,0.0463,0.0700,0.0200,мг/л,2007
955,40,1.0,Сулак,3503,Каспийское море,0,47.637300,43.291400,Фенолы,0.0035,0.0060,0.0010,мкг/л,2007
956,40,0.05,Сулак,3503,Каспийское море,0,47.637300,43.291400,TPHs,0.0493,0.0800,0.0200,мг/л,2008
957,40,100.0,Сулак,3503,Каспийское море,0,47.637300,43.291400,СПАВ,0.0036,0.0080,0.0010,мкг/л,2008
958,40,0.05,Сулак,3503,Каспийское море,0,47.637300,43.291400,TPHs,0.0478,0.0700,0.0300,мг/л,2009
959,30,100.0,Сулак,3503,Каспийское море,0,47.637300,43.291400,СПАВ,0.0036,0.0060,0.0010,мкг/л,2009
960,40,1.0,Сулак,3503,Каспийское море,0,47.637300,43.291400,Фенолы,0.0028,0.0040,0.0010,мкг/л,2009
961,50,0.05,Сулак,3503,Каспийское море,0,47.637300,43.291400,TPHs,0.0460,0.0600,0.0300,мг/л,2010
962,50,100.0,Сулак,3503,Каспийское море,0,47.637300,43.291400,СПАВ,0.0042,0.0070,0.0010,мкг/л,2010
963,50,1.0,Сулак,3503,Каспийское море,0,47.637300,43.291400,Фенолы,0.0028,0.0050,0.0010,мкг/л,2010
964,26,0.05,Сулак,3503,Каспийское море,0,47.637300,43.291400,TPHs,0.0396,0.0700,0.0200,мг/л,2011
965,13,100.0,Сулак,3503,Каспийское море,0,47.637300,43.291400,СПАВ,0.0041,0.0070,0.0010,мкг/л,2011
966,26,1.0,Сулак,3503,Каспийское море,0,47.637300,43.291400,Фенолы,0.0026,0.0050,0.0010,мкг/л,2011
967,49,0.05,Сулак,3503,Каспийское море,0,47.637300,43.291400,TPHs,0.0549,0.1600,0.0000,мг/л,2012
968,29,100.0,Сулак,3503,Каспийское море,0,47.637300,43.291400,СПАВ,0.0092,0.0170,0.0030,мкг/л,2012
969,23,1.0,Сулак,3503,Каспийское море,0,47.637300,43.291400,Фенолы,0.0027,0.0050,0.0010,мкг/л,2012
970,59,0.05,Сулак,3503,Каспийское море,0,47.637300,43.291400,TPHs,0.0640,0.2000,0.0010,мг/л,2013
971,59,100.0,Сулак,3503,Каспийское море,0,47.637300,43.291400,СПАВ,0.0318,0.0900,0.0054,мкг/л,2013
1019,36,0.05,Терек,3502,Каспийское море,0,47.658700,43.557500,TPHs,0.0356,0.1000,0.0000,мг/л,1995
1020,35,1.0,Терек,3502,Каспийское море,0,47.658700,43.557500,Фенолы,0.0040,0.0080,0.0020,мкг/л,1995
1021,6,0.05,Терек,3502,Каспийское море,0,47.658700,43.557500,TPHs,0.0333,0.0500,0.0100,мг/л,1996
1022,6,1.0,Терек,3502,Каспийское море,0,47.658700,43.557500,Фенолы,0.0037,0.0050,0.0020,мкг/л,1996
1023,11,0.05,Терек,3502,Каспийское море,0,47.658700,43.557500,TPHs,0.1464,0.3500,0.0400,мг/л,1997
1024,11,1.0,Терек,3502,Каспийское море,0,47.658700,43.557500,Фенолы,0.0095,0.0140,0.0030,мкг/л,1997
1025,50,0.05,Терек,3502,Каспийское море,0,47.658700,43.557500,TPHs,0.1210,0.4100,0.0000,мг/л,1998
1026,50,1.0,Терек,3502,Каспийское море,0,47.658700,43.557500,Фенолы,0.0060,0.0150,0.0020,мкг/л,1998
1027,60,0.05,Терек,3502,Каспийское море,0,47.658700,43.557500,TPHs,0.1657,0.3600,0.0000,мг/л,1999
1028,60,1.0,Терек,3502,Каспийское море,0,47.658700,43.557500,Фенолы,0.0072,0.0180,0.0010,мкг/л,1999
1029,60,0.05,Терек,3502,Каспийское море,0,47.658700,43.557500,TPHs,0.0617,0.1300,0.0000,мг/л,2000
1030,60,1.0,Терек,3502,Каспийское море,0,47.658700,43.557500,Фенолы,0.0040,0.0074,0.0020,мкг/л,2000
1031,60,0.05,Терек,3502,Каспийское море,0,47.658700,43.557500,TPHs,0.0809,0.2400,0.0000,мг/л,2001
1032,60,1.0,Терек,3502,Каспийское море,0,47.658700,43.557500,Фенолы,0.0045,0.0080,0.0020,мкг/л,2001
1033,19,0.05,Терек,3502,Каспийское море,0,47.658700,43.557500,TPHs,0.0953,0.2400,0.0200,мг/л,2002
1034,19,1.0,Терек,3502,Каспийское море,0,47.658700,43.557500,Фенолы,0.0043,0.0070,0.0020,мкг/л,2002
1035,60,0.05,Терек,3502,Каспийское море,0,47.658700,43.557500,TPHs,0.0787,0.1700,0.0200,мг/л,2003
1036,60,1.0,Терек,3502,Каспийское море,0,47.658700,43.557500,Фенолы,0.0046,0.0070,0.0020,мкг/л,2003
1037,50,0.05,Терек,3502,Каспийское море,0,47.658700,43.557500,TPHs,0.0538,0.0900,0.0200,мг/л,2004
1038,50,1.0,Терек,3502,Каспийское море,0,47.658700,43.557500,Фенолы,0.0036,0.0060,0.0010,мкг/л,2004
1039,40,0.05,Терек,3502,Каспийское море,0,47.658700,43.557500,TPHs,0.0478,0.0800,0.0200,мг/л,2005
1040,40,1.0,Терек,3502,Каспийское море,0,47.658700,43.557500,Фенолы,0.0032,0.0060,0.0010,мкг/л,2005
1041,30,0.05,Терек,3502,Каспийское море,0,47.658700,43.557500,TPHs,0.0473,0.0700,0.0200,мг/л,2006
1042,30,1.0,Терек,3502,Каспийское море,0,47.658700,43.557500,Фенолы,0.0033,0.0060,0.0010,мкг/л,2006
1043,40,0.05,Терек,3502,Каспийское море,0,47.658700,43.557500,TPHs,0.0440,0.0700,0.0200,мг/л,2007
1044,40,1.0,Терек,3502,Каспийское море,0,47.658700,43.557500,Фенолы,0.0032,0.0060,0.0010,мкг/л,2007
1045,40,0.05,Терек,3502,Каспийское море,0,47.658700,43.557500,TPHs,0.0508,0.0800,0.0300,мг/л,2008
1046,40,100.0,Терек,3502,Каспийское море,0,47.658700,43.557500,СПАВ,0.0034,0.0070,0.0010,мкг/л,2008
1047,40,0.05,Терек,3502,Каспийское море,0,47.658700,43.557500,TPHs,0.0505,0.0800,0.0200,мг/л,2009
1048,30,100.0,Терек,3502,Каспийское море,0,47.658700,43.557500,СПАВ,0.0036,0.0050,0.0010,мкг/л,2009
1049,40,1.0,Терек,3502,Каспийское море,0,47.658700,43.557500,Фенолы,0.0029,0.0050,0.0010,мкг/л,2009
1050,50,0.05,Терек,3502,Каспийское море,0,47.658700,43.557500,TPHs,0.0448,0.0600,0.0200,мг/л,2010
1051,50,100.0,Терек,3502,Каспийское море,0,47.658700,43.557500,СПАВ,0.0033,0.0060,0.0010,мкг/л,2010
1052,50,1.0,Терек,3502,Каспийское море,0,47.658700,43.557500,Фенолы,0.0027,0.0050,0.0010,мкг/л,2010
1053,16,0.05,Терек,3502,Каспийское море,0,47.658700,43.557500,TPHs,0.0500,0.0900,0.0300,мг/л,2011
1054,8,100.0,Терек,3502,Каспийское море,0,47.658700,43.557500,СПАВ,0.0046,0.0070,0.0030,мкг/л,2011
1055,16,1.0,Терек,3502,Каспийское море,0,47.658700,43.557500,Фенолы,0.0030,0.0050,0.0010,мкг/л,2011
1056,32,0.05,Терек,3502,Каспийское море,0,47.658700,43.557500,TPHs,0.0756,0.1800,0.0200,мг/л,2012
1057,16,100.0,Терек,3502,Каспийское море,0,47.658700,43.557500,СПАВ,0.0103,0.0160,0.0000,мкг/л,2012
1058,16,1.0,Терек,3502,Каспийское море,0,47.658700,43.557500,Фенолы,0.0034,0.0060,0.0010,мкг/л,2012
1059,40,0.05,Терек,3502,Каспийское море,0,47.658700,43.557500,TPHs,0.0727,0.2100,0.0030,мг/л,2013
1060,40,100.0,Терек,3502,Каспийское море,0,47.658700,43.557500,СПАВ,0.0333,0.0900,0.0074,мкг/л,2013
1061,24,0.05,Абрау-Дюрсо - Панагия,1501,Чёрное море,30,37.130200,44.908700,TPHs,0.0238,0.0900,0.0100,мг/л,1996
1062,24,100.0,Абрау-Дюрсо - Панагия,1501,Чёрное море,30,37.130200,44.908700,СПАВ,0.8333,10.0000,0.0000,мкг/л,1996
1063,24,0.05,Абрау-Дюрсо - Панагия,1501,Чёрное море,30,37.130200,44.908700,TPHs,0.0171,0.0400,0.0000,мг/л,1999
1064,24,100.0,Абрау-Дюрсо - Панагия,1501,Чёрное море,30,37.130200,44.908700,СПАВ,1.4583,10.0000,0.0000,мкг/л,1999
1065,24,0.05,Абрау-Дюрсо - Панагия,1501,Чёрное море,30,37.130200,44.908700,TPHs,0.0167,0.1000,0.0000,мг/л,2000
1066,24,100.0,Абрау-Дюрсо - Панагия,1501,Чёрное море,30,37.130200,44.908700,СПАВ,2.2917,10.0000,0.0000,мкг/л,2000
1067,24,0.05,Абрау-Дюрсо - Панагия,1501,Чёрное море,30,37.130200,44.908700,TPHs,0.0229,0.0800,0.0000,мг/л,2001
1068,24,100.0,Абрау-Дюрсо - Панагия,1501,Чёрное море,30,37.130200,44.908700,СПАВ,1.6667,10.0000,0.0000,мкг/л,2001
1069,24,0.05,Абрау-Дюрсо - Панагия,1501,Чёрное море,30,37.130200,44.908700,TPHs,0.0063,0.0200,0.0000,мг/л,2002
1070,24,100.0,Абрау-Дюрсо - Панагия,1501,Чёрное море,30,37.130200,44.908700,СПАВ,0.4167,5.0000,0.0000,мкг/л,2002
1071,24,0.05,Абрау-Дюрсо - Панагия,1501,Чёрное море,30,37.130200,44.908700,TPHs,0.0171,0.0400,0.0000,мг/л,2003
1072,24,100.0,Абрау-Дюрсо - Панагия,1501,Чёрное море,30,37.130200,44.908700,СПАВ,0.7917,10.0000,0.0000,мкг/л,2003
1073,24,0.05,Абрау-Дюрсо - Панагия,1501,Чёрное море,30,37.130200,44.908700,TPHs,0.0279,0.0600,0.0000,мг/л,2004
1074,7,100.0,Абрау-Дюрсо - Панагия,1501,Чёрное море,30,37.130200,44.908700,СПАВ,5.7143,10.0000,5.0000,мкг/л,2004
1075,24,0.05,Абрау-Дюрсо - Панагия,1501,Чёрное море,30,37.130200,44.908700,TPHs,0.0246,0.0700,0.0000,мг/л,2005
1076,13,100.0,Абрау-Дюрсо - Панагия,1501,Чёрное море,30,37.130200,44.908700,СПАВ,6.9231,15.0000,5.0000,мкг/л,2005
1077,14,0.05,Абрау-Дюрсо - Панагия,1501,Чёрное море,30,37.130200,44.908700,TPHs,0.0157,0.0300,0.0100,мг/л,2006
1078,7,100.0,Абрау-Дюрсо - Панагия,1501,Чёрное море,30,37.130200,44.908700,СПАВ,5.7143,10.0000,5.0000,мкг/л,2006
1079,24,0.05,Абрау-Дюрсо - Панагия,1501,Чёрное море,30,37.130200,44.908700,TPHs,0.0108,0.0300,0.0000,мг/л,2007
1080,24,100.0,Абрау-Дюрсо - Панагия,1501,Чёрное море,30,37.130200,44.908700,СПАВ,1.8750,10.0000,0.0000,мкг/л,2007
1081,24,0.05,Абрау-Дюрсо - Панагия,1501,Чёрное море,30,37.130200,44.908700,TPHs,0.0225,0.0600,0.0000,мг/л,2008
1082,24,100.0,Абрау-Дюрсо - Панагия,1501,Чёрное море,30,37.130200,44.908700,СПАВ,3.3333,10.0000,0.0000,мкг/л,2008
1083,24,0.05,Абрау-Дюрсо - Панагия,1501,Чёрное море,30,37.130200,44.908700,TPHs,0.0217,0.0600,0.0000,мг/л,2009
1084,24,100.0,Абрау-Дюрсо - Панагия,1501,Чёрное море,30,37.130200,44.908700,СПАВ,4.5833,10.0000,0.0000,мкг/л,2009
1085,24,0.05,Абрау-Дюрсо - Панагия,1501,Чёрное море,30,37.130200,44.908700,TPHs,0.0192,0.0400,0.0000,мг/л,2010
1086,24,100.0,Абрау-Дюрсо - Панагия,1501,Чёрное море,30,37.130200,44.908700,СПАВ,4.3750,15.0000,0.0000,мкг/л,2010
1087,24,0.05,Абрау-Дюрсо - Панагия,1501,Чёрное море,30,37.130200,44.908700,TPHs,0.0079,0.0400,0.0000,мг/л,2011
1088,24,100.0,Абрау-Дюрсо - Панагия,1501,Чёрное море,30,37.130200,44.908700,СПАВ,6.4583,20.0000,0.0000,мкг/л,2011
1089,15,0.05,Абрау-Дюрсо - Панагия,1501,Чёрное море,30,37.130200,44.908700,TPHs,0.0063,0.0300,0.0000,мг/л,2012
1090,15,100.0,Абрау-Дюрсо - Панагия,1501,Чёрное море,30,37.130200,44.908700,СПАВ,5.6667,15.0000,0.0000,мкг/л,2012
1091,22,0.05,Абрау-Дюрсо - Панагия,1501,Чёрное море,30,37.130200,44.908700,TPHs,0.0155,0.0600,0.0000,мг/л,2013
1092,22,100.0,Абрау-Дюрсо - Панагия,1501,Чёрное море,30,37.130200,44.908700,СПАВ,3.8636,10.0000,0.0000,мкг/л,2013
1093,11,0.05,Абрау-Дюрсо - Панагия,1501,Чёрное море,30,37.130200,44.908700,TPHs,0.0117,0.0300,0.0020,мг/л,2014
1094,14,100.0,Абрау-Дюрсо - Панагия,1501,Чёрное море,30,37.130200,44.908700,СПАВ,7.8571,15.0000,5.0000,мкг/л,2014
1095,3,0.05,Абрау-Дюрсо - Панагия,1501,Чёрное море,30,37.130200,44.908700,TPHs,0.0063,0.0100,0.0010,мг/л,2015
1096,2,100.0,Абрау-Дюрсо - Панагия,1501,Чёрное море,30,37.130200,44.908700,СПАВ,7.5000,10.0000,5.0000,мкг/л,2015
1097,203,0.05,Акватория,1510,Чёрное море,30,38.195800,43.688300,TPHs,0.0355,0.2100,0.0000,мг/л,1996
1098,203,100.0,Акватория,1510,Чёрное море,30,38.195800,43.688300,СПАВ,1.3793,10.0000,0.0000,мкг/л,1996
1099,206,0.05,Акватория,1510,Чёрное море,30,38.195800,43.688300,TPHs,0.0152,0.0500,0.0000,мг/л,1999
1100,209,100.0,Акватория,1510,Чёрное море,30,38.195800,43.688300,СПАВ,1.8900,10.0000,0.0000,мкг/л,1999
1101,174,0.05,Акватория,1510,Чёрное море,30,38.195800,43.688300,TPHs,0.0164,0.1400,0.0000,мг/л,2000
1102,174,100.0,Акватория,1510,Чёрное море,30,38.195800,43.688300,СПАВ,2.5402,10.0000,0.0000,мкг/л,2000
1103,133,0.05,Акватория,1510,Чёрное море,30,38.195800,43.688300,TPHs,0.0210,0.0800,0.0000,мг/л,2001
1104,149,100.0,Акватория,1510,Чёрное море,30,38.195800,43.688300,СПАВ,1.5570,10.0000,0.0000,мкг/л,2001
1105,133,0.05,Акватория,1510,Чёрное море,30,38.195800,43.688300,TPHs,0.0224,0.1600,0.0000,мг/л,2002
1106,133,100.0,Акватория,1510,Чёрное море,30,38.195800,43.688300,СПАВ,0.5038,10.0000,0.0000,мкг/л,2002
1107,136,0.05,Акватория,1510,Чёрное море,30,38.195800,43.688300,TPHs,0.0185,0.0500,0.0000,мг/л,2003
1108,136,100.0,Акватория,1510,Чёрное море,30,38.195800,43.688300,СПАВ,0.9191,10.0000,0.0000,мкг/л,2003
1109,150,0.05,Акватория,1510,Чёрное море,30,38.195800,43.688300,TPHs,0.0281,0.0700,0.0000,мг/л,2004
1110,107,100.0,Акватория,1510,Чёрное море,30,38.195800,43.688300,СПАВ,4.4112,15.0000,0.0000,мкг/л,2004
1111,141,0.05,Акватория,1510,Чёрное море,30,38.195800,43.688300,TPHs,0.0261,0.0700,0.0000,мг/л,2005
1112,117,100.0,Акватория,1510,Чёрное море,30,38.195800,43.688300,СПАВ,6.2393,20.0000,0.0000,мкг/л,2005
1113,103,0.05,Акватория,1510,Чёрное море,30,38.195800,43.688300,TPHs,0.0225,0.0600,0.0100,мг/л,2006
1114,56,100.0,Акватория,1510,Чёрное море,30,38.195800,43.688300,СПАВ,6.9643,15.0000,5.0000,мкг/л,2006
1115,131,0.05,Акватория,1510,Чёрное море,30,38.195800,43.688300,TPHs,0.0164,0.0700,0.0000,мг/л,2007
1116,131,100.0,Акватория,1510,Чёрное море,30,38.195800,43.688300,СПАВ,1.7176,10.0000,0.0000,мкг/л,2007
1117,120,0.05,Акватория,1510,Чёрное море,30,38.195800,43.688300,TPHs,0.0345,0.2400,0.0000,мг/л,2008
1118,120,100.0,Акватория,1510,Чёрное море,30,38.195800,43.688300,СПАВ,4.3333,15.0000,0.0000,мкг/л,2008
1119,107,0.05,Акватория,1510,Чёрное море,30,38.195800,43.688300,TPHs,0.0251,0.1100,0.0000,мг/л,2009
1120,107,100.0,Акватория,1510,Чёрное море,30,38.195800,43.688300,СПАВ,5.6542,15.0000,0.0000,мкг/л,2009
1121,105,0.05,Акватория,1510,Чёрное море,30,38.195800,43.688300,TPHs,0.0209,0.0600,0.0000,мг/л,2010
1122,104,100.0,Акватория,1510,Чёрное море,30,38.195800,43.688300,СПАВ,5.7212,15.0000,0.0000,мкг/л,2010
1123,102,0.05,Акватория,1510,Чёрное море,30,38.195800,43.688300,TPHs,0.0076,0.0700,0.0000,мг/л,2011
1124,108,100.0,Акватория,1510,Чёрное море,30,38.195800,43.688300,СПАВ,5.4630,20.0000,0.0000,мкг/л,2011
1125,86,0.05,Акватория,1510,Чёрное море,30,38.195800,43.688300,TPHs,0.0075,0.0400,0.0000,мг/л,2012
1126,86,100.0,Акватория,1510,Чёрное море,30,38.195800,43.688300,СПАВ,4.7674,15.0000,0.0000,мкг/л,2012
1127,114,0.05,Акватория,1510,Чёрное море,30,38.195800,43.688300,TPHs,0.0117,0.0800,0.0000,мг/л,2013
1128,114,100.0,Акватория,1510,Чёрное море,30,38.195800,43.688300,СПАВ,3.5965,15.0000,0.0000,мкг/л,2013
1129,67,0.05,Акватория,1510,Чёрное море,30,38.195800,43.688300,TPHs,0.0273,0.4100,0.0000,мг/л,2014
1130,78,100.0,Акватория,1510,Чёрное море,30,38.195800,43.688300,СПАВ,7.8205,15.0000,0.0000,мкг/л,2014
1131,15,0.05,Акватория,1510,Чёрное море,30,38.195800,43.688300,TPHs,0.0271,0.1400,0.0010,мг/л,2015
1132,12,100.0,Акватория,1510,Чёрное море,30,38.195800,43.688300,СПАВ,7.0833,10.0000,5.0000,мкг/л,2015
1133,35,0.05,Дивноморское-Дооб,1503,Чёрное море,30,37.994600,44.527500,TPHs,0.0283,0.1000,0.0000,мг/л,1996
1134,35,100.0,Дивноморское-Дооб,1503,Чёрное море,30,37.994600,44.527500,СПАВ,0.8571,10.0000,0.0000,мкг/л,1996
1135,25,0.05,Дивноморское-Дооб,1503,Чёрное море,30,37.994600,44.527500,TPHs,0.0164,0.0400,0.0000,мг/л,1999
1136,25,100.0,Дивноморское-Дооб,1503,Чёрное море,30,37.994600,44.527500,СПАВ,2.0000,10.0000,0.0000,мкг/л,1999
1137,23,0.05,Дивноморское-Дооб,1503,Чёрное море,30,37.994600,44.527500,TPHs,0.0117,0.0800,0.0000,мг/л,2000
1138,23,100.0,Дивноморское-Дооб,1503,Чёрное море,30,37.994600,44.527500,СПАВ,2.3913,10.0000,0.0000,мкг/л,2000
1139,20,0.05,Дивноморское-Дооб,1503,Чёрное море,30,37.994600,44.527500,TPHs,0.0115,0.0300,0.0000,мг/л,2001
1140,20,100.0,Дивноморское-Дооб,1503,Чёрное море,30,37.994600,44.527500,СПАВ,2.4000,10.0000,0.0000,мкг/л,2001
1141,20,0.05,Дивноморское-Дооб,1503,Чёрное море,30,37.994600,44.527500,TPHs,0.0150,0.0600,0.0000,мг/л,2002
1142,20,100.0,Дивноморское-Дооб,1503,Чёрное море,30,37.994600,44.527500,СПАВ,0.6000,5.0000,0.0000,мкг/л,2002
1143,23,0.05,Дивноморское-Дооб,1503,Чёрное море,30,37.994600,44.527500,TPHs,0.0139,0.0300,0.0000,мг/л,2003
1144,23,100.0,Дивноморское-Дооб,1503,Чёрное море,30,37.994600,44.527500,СПАВ,0.8696,10.0000,0.0000,мкг/л,2003
1145,23,0.05,Дивноморское-Дооб,1503,Чёрное море,30,37.994600,44.527500,TPHs,0.0200,0.0600,0.0000,мг/л,2004
1146,23,100.0,Дивноморское-Дооб,1503,Чёрное море,30,37.994600,44.527500,СПАВ,2.4783,12.0000,0.0000,мкг/л,2004
1147,24,0.05,Дивноморское-Дооб,1503,Чёрное море,30,37.994600,44.527500,TPHs,0.0192,0.0400,0.0000,мг/л,2005
1148,24,100.0,Дивноморское-Дооб,1503,Чёрное море,30,37.994600,44.527500,СПАВ,3.9583,10.0000,0.0000,мкг/л,2005
1149,12,0.05,Дивноморское-Дооб,1503,Чёрное море,30,37.994600,44.527500,TPHs,0.0283,0.0600,0.0100,мг/л,2006
1150,10,100.0,Дивноморское-Дооб,1503,Чёрное море,30,37.994600,44.527500,СПАВ,8.0000,10.0000,5.0000,мкг/л,2006
1151,23,0.05,Дивноморское-Дооб,1503,Чёрное море,30,37.994600,44.527500,TPHs,0.0052,0.0200,0.0000,мг/л,2007
1152,23,100.0,Дивноморское-Дооб,1503,Чёрное море,30,37.994600,44.527500,СПАВ,0.8696,5.0000,0.0000,мкг/л,2007
1153,24,0.05,Дивноморское-Дооб,1503,Чёрное море,30,37.994600,44.527500,TPHs,0.0317,0.1100,0.0000,мг/л,2008
1154,24,100.0,Дивноморское-Дооб,1503,Чёрное море,30,37.994600,44.527500,СПАВ,1.2500,5.0000,0.0000,мкг/л,2008
1155,20,0.05,Дивноморское-Дооб,1503,Чёрное море,30,37.994600,44.527500,TPHs,0.0095,0.0200,0.0000,мг/л,2009
1156,20,100.0,Дивноморское-Дооб,1503,Чёрное море,30,37.994600,44.527500,СПАВ,2.0000,10.0000,0.0000,мкг/л,2009
1157,19,0.05,Дивноморское-Дооб,1503,Чёрное море,30,37.994600,44.527500,TPHs,0.0105,0.0500,0.0000,мг/л,2010
1158,19,100.0,Дивноморское-Дооб,1503,Чёрное море,30,37.994600,44.527500,СПАВ,3.1579,10.0000,0.0000,мкг/л,2010
1159,24,0.05,Дивноморское-Дооб,1503,Чёрное море,30,37.994600,44.527500,TPHs,0.0008,0.0200,0.0000,мг/л,2011
1160,24,100.0,Дивноморское-Дооб,1503,Чёрное море,30,37.994600,44.527500,СПАВ,6.4583,15.0000,0.0000,мкг/л,2011
1161,15,0.05,Дивноморское-Дооб,1503,Чёрное море,30,37.994600,44.527500,TPHs,0.0019,0.0100,0.0000,мг/л,2012
1162,15,100.0,Дивноморское-Дооб,1503,Чёрное море,30,37.994600,44.527500,СПАВ,4.6667,15.0000,0.0000,мкг/л,2012
1163,20,0.05,Дивноморское-Дооб,1503,Чёрное море,30,37.994600,44.527500,TPHs,0.0080,0.0500,0.0000,мг/л,2013
1164,20,100.0,Дивноморское-Дооб,1503,Чёрное море,30,37.994600,44.527500,СПАВ,4.0000,15.0000,0.0000,мкг/л,2013
1165,11,0.05,Дивноморское-Дооб,1503,Чёрное море,30,37.994600,44.527500,TPHs,0.0088,0.0200,0.0010,мг/л,2014
1166,14,100.0,Дивноморское-Дооб,1503,Чёрное море,30,37.994600,44.527500,СПАВ,8.5714,15.0000,5.0000,мкг/л,2014
1167,3,0.05,Дивноморское-Дооб,1503,Чёрное море,30,37.994600,44.527500,TPHs,0.0047,0.0080,0.0010,мг/л,2015
1168,2,100.0,Дивноморское-Дооб,1503,Чёрное море,30,37.994600,44.527500,СПАВ,7.5000,10.0000,5.0000,мкг/л,2015
1169,35,0.05,Дооб - Абрау-Дюрсо,1502,Чёрное море,30,37.760900,44.628000,TPHs,0.0354,0.0800,0.0000,мг/л,1996
1170,35,100.0,Дооб - Абрау-Дюрсо,1502,Чёрное море,30,37.760900,44.628000,СПАВ,2.0000,10.0000,0.0000,мкг/л,1996
1171,35,0.05,Дооб - Абрау-Дюрсо,1502,Чёрное море,30,37.760900,44.628000,TPHs,0.0158,0.0500,0.0000,мг/л,1999
1172,35,100.0,Дооб - Абрау-Дюрсо,1502,Чёрное море,30,37.760900,44.628000,СПАВ,1.7143,10.0000,0.0000,мкг/л,1999
1173,30,0.05,Дооб - Абрау-Дюрсо,1502,Чёрное море,30,37.760900,44.628000,TPHs,0.0257,0.1400,0.0000,мг/л,2000
1174,30,100.0,Дооб - Абрау-Дюрсо,1502,Чёрное море,30,37.760900,44.628000,СПАВ,3.0000,10.0000,0.0000,мкг/л,2000
1175,20,0.05,Дооб - Абрау-Дюрсо,1502,Чёрное море,30,37.760900,44.628000,TPHs,0.0200,0.0500,0.0000,мг/л,2001
1176,20,100.0,Дооб - Абрау-Дюрсо,1502,Чёрное море,30,37.760900,44.628000,СПАВ,1.5500,10.0000,0.0000,мкг/л,2001
1177,5,0.05,Дооб - Абрау-Дюрсо,1502,Чёрное море,30,37.760900,44.628000,TPHs,0.0160,0.0300,0.0000,мг/л,2002
1178,5,100.0,Дооб - Абрау-Дюрсо,1502,Чёрное море,30,37.760900,44.628000,СПАВ,0.4000,1.0000,0.0000,мкг/л,2002
1179,5,0.05,Дооб - Абрау-Дюрсо,1502,Чёрное море,30,37.760900,44.628000,TPHs,0.0200,0.0300,0.0100,мг/л,2003
1180,5,100.0,Дооб - Абрау-Дюрсо,1502,Чёрное море,30,37.760900,44.628000,СПАВ,2.0000,10.0000,0.0000,мкг/л,2003
1181,20,0.05,Дооб - Абрау-Дюрсо,1502,Чёрное море,30,37.760900,44.628000,TPHs,0.0350,0.0700,0.0000,мг/л,2004
1182,20,100.0,Дооб - Абрау-Дюрсо,1502,Чёрное море,30,37.760900,44.628000,СПАВ,2.5000,10.0000,0.0000,мкг/л,2004
1183,17,0.05,Дооб - Абрау-Дюрсо,1502,Чёрное море,30,37.760900,44.628000,TPHs,0.0347,0.0600,0.0100,мг/л,2005
1184,17,100.0,Дооб - Абрау-Дюрсо,1502,Чёрное море,30,37.760900,44.628000,СПАВ,6.4706,15.0000,0.0000,мкг/л,2005
1185,11,0.05,Дооб - Абрау-Дюрсо,1502,Чёрное море,30,37.760900,44.628000,TPHs,0.0155,0.0400,0.0100,мг/л,2006
1186,9,100.0,Дооб - Абрау-Дюрсо,1502,Чёрное море,30,37.760900,44.628000,СПАВ,8.3333,15.0000,5.0000,мкг/л,2006
1187,11,0.05,Дооб - Абрау-Дюрсо,1502,Чёрное море,30,37.760900,44.628000,TPHs,0.0155,0.0400,0.0000,мг/л,2007
1188,11,100.0,Дооб - Абрау-Дюрсо,1502,Чёрное море,30,37.760900,44.628000,СПАВ,5.0000,10.0000,0.0000,мкг/л,2007
1189,8,0.05,Дооб - Абрау-Дюрсо,1502,Чёрное море,30,37.760900,44.628000,TPHs,0.0463,0.0800,0.0300,мг/л,2008
1190,8,100.0,Дооб - Абрау-Дюрсо,1502,Чёрное море,30,37.760900,44.628000,СПАВ,8.1250,10.0000,0.0000,мкг/л,2008
1191,7,0.05,Дооб - Абрау-Дюрсо,1502,Чёрное море,30,37.760900,44.628000,TPHs,0.0243,0.0400,0.0100,мг/л,2009
1192,7,100.0,Дооб - Абрау-Дюрсо,1502,Чёрное море,30,37.760900,44.628000,СПАВ,12.8571,15.0000,10.0000,мкг/л,2009
1193,6,0.05,Дооб - Абрау-Дюрсо,1502,Чёрное море,30,37.760900,44.628000,TPHs,0.0317,0.0400,0.0200,мг/л,2010
1194,6,100.0,Дооб - Абрау-Дюрсо,1502,Чёрное море,30,37.760900,44.628000,СПАВ,12.5000,15.0000,10.0000,мкг/л,2010
1195,4,0.05,Дооб - Абрау-Дюрсо,1502,Чёрное море,30,37.760900,44.628000,TPHs,0.0125,0.0400,0.0000,мг/л,2011
1196,4,100.0,Дооб - Абрау-Дюрсо,1502,Чёрное море,30,37.760900,44.628000,СПАВ,3.7500,5.0000,0.0000,мкг/л,2011
1197,12,0.05,Дооб - Абрау-Дюрсо,1502,Чёрное море,30,37.760900,44.628000,TPHs,0.0033,0.0400,0.0000,мг/л,2012
1198,12,100.0,Дооб - Абрау-Дюрсо,1502,Чёрное море,30,37.760900,44.628000,СПАВ,4.5833,15.0000,0.0000,мкг/л,2012
1199,12,0.05,Дооб - Абрау-Дюрсо,1502,Чёрное море,30,37.760900,44.628000,TPHs,0.0142,0.0800,0.0000,мг/л,2013
1200,12,100.0,Дооб - Абрау-Дюрсо,1502,Чёрное море,30,37.760900,44.628000,СПАВ,6.2500,15.0000,0.0000,мкг/л,2013
1201,10,0.05,Дооб - Абрау-Дюрсо,1502,Чёрное море,30,37.760900,44.628000,TPHs,0.0211,0.0400,0.0010,мг/л,2014
1202,10,100.0,Дооб - Абрау-Дюрсо,1502,Чёрное море,30,37.760900,44.628000,СПАВ,10.0000,15.0000,5.0000,мкг/л,2014
1203,2,0.05,Дооб - Абрау-Дюрсо,1502,Чёрное море,30,37.760900,44.628000,TPHs,0.0060,0.0110,0.0010,мг/л,2015
1204,3,100.0,Дооб - Абрау-Дюрсо,1502,Чёрное море,30,37.760900,44.628000,СПАВ,6.6667,10.0000,5.0000,мкг/л,2015
1205,60,0.05,Магри-бухта Инал,1505,Чёрное море,30,38.881800,44.147700,TPHs,0.0452,0.2100,0.0100,мг/л,1996
1206,60,100.0,Магри-бухта Инал,1505,Чёрное море,30,38.881800,44.147700,СПАВ,1.6667,10.0000,0.0000,мкг/л,1996
1207,73,0.05,Магри-бухта Инал,1505,Чёрное море,30,38.881800,44.147700,TPHs,0.0159,0.0500,0.0000,мг/л,1999
1208,76,100.0,Магри-бухта Инал,1505,Чёрное море,30,38.881800,44.147700,СПАВ,2.3684,10.0000,0.0000,мкг/л,1999
1209,48,0.05,Магри-бухта Инал,1505,Чёрное море,30,38.881800,44.147700,TPHs,0.0144,0.0500,0.0000,мг/л,2000
1210,48,100.0,Магри-бухта Инал,1505,Чёрное море,30,38.881800,44.147700,СПАВ,2.7500,10.0000,0.0000,мкг/л,2000
1211,48,0.05,Магри-бухта Инал,1505,Чёрное море,30,38.881800,44.147700,TPHs,0.0273,0.0800,0.0000,мг/л,2001
1212,57,100.0,Магри-бухта Инал,1505,Чёрное море,30,38.881800,44.147700,СПАВ,1.1579,10.0000,0.0000,мкг/л,2001
1213,56,0.05,Магри-бухта Инал,1505,Чёрное море,30,38.881800,44.147700,TPHs,0.0379,0.1600,0.0000,мг/л,2002
1214,56,100.0,Магри-бухта Инал,1505,Чёрное море,30,38.881800,44.147700,СПАВ,0.5000,10.0000,0.0000,мкг/л,2002
1215,56,0.05,Магри-бухта Инал,1505,Чёрное море,30,38.881800,44.147700,TPHs,0.0204,0.0400,0.0000,мг/л,2003
1216,56,100.0,Магри-бухта Инал,1505,Чёрное море,30,38.881800,44.147700,СПАВ,0.8214,10.0000,0.0000,мкг/л,2003
1217,55,0.05,Магри-бухта Инал,1505,Чёрное море,30,38.881800,44.147700,TPHs,0.0302,0.0700,0.0100,мг/л,2004
1218,29,100.0,Магри-бухта Инал,1505,Чёрное море,30,38.881800,44.147700,СПАВ,7.7586,15.0000,5.0000,мкг/л,2004
1219,53,0.05,Магри-бухта Инал,1505,Чёрное море,30,38.881800,44.147700,TPHs,0.0285,0.0700,0.0100,мг/л,2005
1220,40,100.0,Магри-бухта Инал,1505,Чёрное море,30,38.881800,44.147700,СПАВ,7.3750,15.0000,5.0000,мкг/л,2005
1221,51,0.05,Магри-бухта Инал,1505,Чёрное море,30,38.881800,44.147700,TPHs,0.0257,0.0600,0.0100,мг/л,2006
1222,22,100.0,Магри-бухта Инал,1505,Чёрное море,30,38.881800,44.147700,СПАВ,6.5909,10.0000,5.0000,мкг/л,2006
1223,56,0.05,Магри-бухта Инал,1505,Чёрное море,30,38.881800,44.147700,TPHs,0.0234,0.0700,0.0000,мг/л,2007
1224,56,100.0,Магри-бухта Инал,1505,Чёрное море,30,38.881800,44.147700,СПАВ,1.4286,10.0000,0.0000,мкг/л,2007
1225,56,0.05,Магри-бухта Инал,1505,Чёрное море,30,38.881800,44.147700,TPHs,0.0396,0.2400,0.0000,мг/л,2008
1226,56,100.0,Магри-бухта Инал,1505,Чёрное море,30,38.881800,44.147700,СПАВ,5.6250,15.0000,0.0000,мкг/л,2008
1227,56,0.05,Магри-бухта Инал,1505,Чёрное море,30,38.881800,44.147700,TPHs,0.0323,0.1100,0.0000,мг/л,2009
1228,56,100.0,Магри-бухта Инал,1505,Чёрное море,30,38.881800,44.147700,СПАВ,6.5179,15.0000,0.0000,мкг/л,2009
1229,56,0.05,Магри-бухта Инал,1505,Чёрное море,30,38.881800,44.147700,TPHs,0.0239,0.0600,0.0000,мг/л,2010
1230,55,100.0,Магри-бухта Инал,1505,Чёрное море,30,38.881800,44.147700,СПАВ,6.4545,15.0000,0.0000,мкг/л,2010
1231,50,0.05,Магри-бухта Инал,1505,Чёрное море,30,38.881800,44.147700,TPHs,0.0104,0.0700,0.0000,мг/л,2011
1232,56,100.0,Магри-бухта Инал,1505,Чёрное море,30,38.881800,44.147700,СПАВ,4.7321,20.0000,0.0000,мкг/л,2011
1233,44,0.05,Магри-бухта Инал,1505,Чёрное море,30,38.881800,44.147700,TPHs,0.0109,0.0400,0.0000,мг/л,2012
1234,44,100.0,Магри-бухта Инал,1505,Чёрное море,30,38.881800,44.147700,СПАВ,4.5455,15.0000,0.0000,мкг/л,2012
1235,56,0.05,Магри-бухта Инал,1505,Чёрное море,30,38.881800,44.147700,TPHs,0.0108,0.0700,0.0000,мг/л,2013
1236,56,100.0,Магри-бухта Инал,1505,Чёрное море,30,38.881800,44.147700,СПАВ,2.9464,10.0000,0.0000,мкг/л,2013
1237,32,0.05,Магри-бухта Инал,1505,Чёрное море,30,38.881800,44.147700,TPHs,0.0403,0.4100,0.0000,мг/л,2014
1238,38,100.0,Магри-бухта Инал,1505,Чёрное море,30,38.881800,44.147700,СПАВ,7.1053,15.0000,0.0000,мкг/л,2014
1239,6,0.05,Магри-бухта Инал,1505,Чёрное море,30,38.881800,44.147700,TPHs,0.0588,0.1400,0.0030,мг/л,2015
1240,5,100.0,Магри-бухта Инал,1505,Чёрное море,30,38.881800,44.147700,СПАВ,7.0000,10.0000,5.0000,мкг/л,2015
1247,246,0.05,Панагия-Кубань,1508,Чёрное море,30,37.695200,45.762800,TPHs,0.1624,1.8400,0.0000,мг/л,1995
1248,205,100.0,Панагия-Кубань,1508,Чёрное море,30,37.695200,45.762800,СПАВ,31.9902,140.0000,0.0000,мкг/л,1995
1249,200,0.05,Панагия-Кубань,1508,Чёрное море,30,37.695200,45.762800,TPHs,0.1653,1.1000,0.0000,мг/л,1997
1250,152,100.0,Панагия-Кубань,1508,Чёрное море,30,37.695200,45.762800,СПАВ,43.9145,160.0000,0.0000,мкг/л,1997
1251,87,0.05,Панагия-Кубань,1508,Чёрное море,30,37.695200,45.762800,TPHs,0.0432,0.1100,0.0000,мг/л,1998
1252,67,100.0,Панагия-Кубань,1508,Чёрное море,30,37.695200,45.762800,СПАВ,36.8358,140.0000,0.0000,мкг/л,1998
1253,62,0.05,Панагия-Кубань,1508,Чёрное море,30,37.695200,45.762800,TPHs,0.0232,0.0400,0.0000,мг/л,2000
1254,53,100.0,Панагия-Кубань,1508,Чёрное море,30,37.695200,45.762800,СПАВ,25.9811,46.0000,0.0000,мкг/л,2000
1255,207,0.05,Панагия-Кубань,1508,Чёрное море,30,37.695200,45.762800,TPHs,0.0226,0.1100,0.0000,мг/л,2002
1256,159,100.0,Панагия-Кубань,1508,Чёрное море,30,37.695200,45.762800,СПАВ,65.8302,270.0000,0.0000,мкг/л,2002
1257,72,0.05,Панагия-Кубань,1508,Чёрное море,30,37.695200,45.762800,TPHs,0.0425,0.6000,0.0200,мг/л,2003
1258,54,100.0,Панагия-Кубань,1508,Чёрное море,30,37.695200,45.762800,СПАВ,34.3333,240.0000,25.0000,мкг/л,2003
1259,178,0.05,Панагия-Кубань,1508,Чёрное море,30,37.695200,45.762800,TPHs,0.0397,0.1400,0.0000,мг/л,2005
1260,140,100.0,Панагия-Кубань,1508,Чёрное море,30,37.695200,45.762800,СПАВ,27.6714,57.0000,0.0000,мкг/л,2005
1261,144,0.05,Панагия-Кубань,1508,Чёрное море,30,37.695200,45.762800,TPHs,0.0360,0.1200,0.0000,мг/л,2006
1262,96,100.0,Панагия-Кубань,1508,Чёрное море,30,37.695200,45.762800,СПАВ,33.2083,100.0000,0.0000,мкг/л,2006
1263,202,0.05,Панагия-Кубань,1508,Чёрное море,30,37.695200,45.762800,TPHs,0.0330,0.2100,0.0000,мг/л,2007
1264,154,100.0,Панагия-Кубань,1508,Чёрное море,30,37.695200,45.762800,СПАВ,27.6234,71.0000,0.0000,мкг/л,2007
1265,204,0.05,Панагия-Кубань,1508,Чёрное море,30,37.695200,45.762800,TPHs,0.0382,0.2000,0.0000,мг/л,2008
1266,156,100.0,Панагия-Кубань,1508,Чёрное море,30,37.695200,45.762800,СПАВ,27.5577,46.0000,25.0000,мкг/л,2008
1267,207,0.05,Панагия-Кубань,1508,Чёрное море,30,37.695200,45.762800,TPHs,0.0404,0.2700,0.0000,мг/л,2009
1268,159,100.0,Панагия-Кубань,1508,Чёрное море,30,37.695200,45.762800,СПАВ,26.9057,63.0000,0.0000,мкг/л,2009
1269,188,0.05,Панагия-Кубань,1508,Чёрное море,30,37.695200,45.762800,TPHs,0.0387,0.2400,0.0000,мг/л,2010
1270,140,100.0,Панагия-Кубань,1508,Чёрное море,30,37.695200,45.762800,СПАВ,16.7786,48.0000,0.0000,мкг/л,2010
1271,182,0.05,Панагия-Кубань,1508,Чёрное море,30,37.695200,45.762800,TPHs,0.0418,0.1600,0.0000,мг/л,2011
1272,140,100.0,Панагия-Кубань,1508,Чёрное море,30,37.695200,45.762800,СПАВ,11.0643,18.0000,0.0000,мкг/л,2011
1273,172,0.05,Панагия-Кубань,1508,Чёрное море,30,37.695200,45.762800,TPHs,0.0484,0.2200,0.0000,мг/л,2012
1274,134,100.0,Панагия-Кубань,1508,Чёрное море,30,37.695200,45.762800,СПАВ,9.7836,23.0000,0.0000,мкг/л,2012
1275,186,0.05,Панагия-Кубань,1508,Чёрное море,30,37.695200,45.762800,TPHs,0.0395,0.2300,0.0200,мг/л,2013
1276,139,100.0,Панагия-Кубань,1508,Чёрное море,30,37.695200,45.762800,СПАВ,10.3094,19.0000,10.0000,мкг/л,2013
1277,188,0.05,Панагия-Кубань,1508,Чёрное море,30,37.695200,45.762800,TPHs,0.0405,0.2200,0.0000,мг/л,2014
1278,140,100.0,Панагия-Кубань,1508,Чёрное море,30,37.695200,45.762800,СПАВ,9.7643,18.0000,0.0000,мкг/л,2014
1279,188,0.05,Панагия-Кубань,1508,Чёрное море,30,37.695200,45.762800,TPHs,0.0409,0.2400,0.0000,мг/л,2015
1280,140,100.0,Панагия-Кубань,1508,Чёрное море,30,37.695200,45.762800,СПАВ,10.5286,34.0000,0.0000,мкг/л,2015
1281,49,0.05,Псоу-Лоо,1507,Чёрное море,30,39.776900,43.489000,TPHs,0.0347,0.0800,0.0000,мг/л,1996
1282,49,100.0,Псоу-Лоо,1507,Чёрное море,30,39.776900,43.489000,СПАВ,1.2245,10.0000,0.0000,мкг/л,1996
1283,49,0.05,Псоу-Лоо,1507,Чёрное море,30,39.776900,43.489000,TPHs,0.0122,0.0400,0.0000,мг/л,1999
1284,49,100.0,Псоу-Лоо,1507,Чёрное море,30,39.776900,43.489000,СПАВ,1.4286,10.0000,0.0000,мкг/л,1999
1285,49,0.05,Псоу-Лоо,1507,Чёрное море,30,39.776900,43.489000,TPHs,0.0149,0.0800,0.0000,мг/л,2000
1286,49,100.0,Псоу-Лоо,1507,Чёрное море,30,39.776900,43.489000,СПАВ,2.2449,10.0000,0.0000,мкг/л,2000
1287,21,0.05,Псоу-Лоо,1507,Чёрное море,30,39.776900,43.489000,TPHs,0.0146,0.0600,0.0000,мг/л,2001
1288,28,100.0,Псоу-Лоо,1507,Чёрное море,30,39.776900,43.489000,СПАВ,1.6786,10.0000,0.0000,мкг/л,2001
1289,28,0.05,Псоу-Лоо,1507,Чёрное море,30,39.776900,43.489000,TPHs,0.0118,0.0400,0.0000,мг/л,2002
1290,28,100.0,Псоу-Лоо,1507,Чёрное море,30,39.776900,43.489000,СПАВ,0.5357,5.0000,0.0000,мкг/л,2002
1291,28,0.05,Псоу-Лоо,1507,Чёрное море,30,39.776900,43.489000,TPHs,0.0196,0.0500,0.0000,мг/л,2003
1292,28,100.0,Псоу-Лоо,1507,Чёрное море,30,39.776900,43.489000,СПАВ,1.0714,10.0000,0.0000,мкг/л,2003
1293,28,0.05,Псоу-Лоо,1507,Чёрное море,30,39.776900,43.489000,TPHs,0.0261,0.0600,0.0000,мг/л,2004
1294,28,100.0,Псоу-Лоо,1507,Чёрное море,30,39.776900,43.489000,СПАВ,3.5714,10.0000,0.0000,мкг/л,2004
1295,23,0.05,Псоу-Лоо,1507,Чёрное море,30,39.776900,43.489000,TPHs,0.0230,0.0500,0.0000,мг/л,2005
1296,23,100.0,Псоу-Лоо,1507,Чёрное море,30,39.776900,43.489000,СПАВ,6.0870,20.0000,0.0000,мкг/л,2005
1297,15,0.05,Псоу-Лоо,1507,Чёрное море,30,39.776900,43.489000,TPHs,0.0187,0.0400,0.0100,мг/л,2006
1298,8,100.0,Псоу-Лоо,1507,Чёрное море,30,39.776900,43.489000,СПАВ,6.2500,10.0000,5.0000,мкг/л,2006
1299,17,0.05,Псоу-Лоо,1507,Чёрное море,30,39.776900,43.489000,TPHs,0.0171,0.0300,0.0000,мг/л,2007
1300,17,100.0,Псоу-Лоо,1507,Чёрное море,30,39.776900,43.489000,СПАВ,1.4706,5.0000,0.0000,мкг/л,2007
1301,8,0.05,Псоу-Лоо,1507,Чёрное море,30,39.776900,43.489000,TPHs,0.0313,0.0500,0.0200,мг/л,2008
1302,8,100.0,Псоу-Лоо,1507,Чёрное море,30,39.776900,43.489000,СПАВ,3.7500,10.0000,0.0000,мкг/л,2008
1307,18,0.05,Таганрогский залив,2101,Чёрное море,30,38.396300,46.967700,TPHs,0.0678,0.5900,0.0000,мг/л,1995
1308,18,100.0,Таганрогский залив,2101,Чёрное море,30,38.396300,46.967700,СПАВ,15.2222,40.0000,0.0000,мкг/л,1995
1309,11,0.05,Таганрогский залив,2101,Чёрное море,30,38.396300,46.967700,TPHs,0.0773,0.1500,0.0200,мг/л,1996
1310,11,100.0,Таганрогский залив,2101,Чёрное море,30,38.396300,46.967700,СПАВ,120.0000,180.0000,80.0000,мкг/л,1996
1311,4,0.05,Таганрогский залив,2101,Чёрное море,30,38.396300,46.967700,TPHs,0.0875,0.1100,0.0700,мг/л,1997
1312,2,100.0,Таганрогский залив,2101,Чёрное море,30,38.396300,46.967700,СПАВ,24.0000,24.0000,24.0000,мкг/л,1997
1313,18,0.05,Таганрогский залив,2101,Чёрное море,30,38.396300,46.967700,TPHs,0.0994,0.7900,0.0200,мг/л,1998
1314,18,100.0,Таганрогский залив,2101,Чёрное море,30,38.396300,46.967700,СПАВ,12.2222,40.0000,0.0000,мкг/л,1998
1315,10,0.05,Таганрогский залив,2101,Чёрное море,30,38.396300,46.967700,TPHs,0.0650,0.1000,0.0400,мг/л,1999
1316,10,100.0,Таганрогский залив,2101,Чёрное море,30,38.396300,46.967700,СПАВ,24.4000,28.0000,24.0000,мкг/л,1999
1317,45,0.05,Таганрогский залив,2101,Чёрное море,30,38.396300,46.967700,TPHs,0.0156,0.0900,0.0000,мг/л,2000
1318,45,100.0,Таганрогский залив,2101,Чёрное море,30,38.396300,46.967700,СПАВ,28.7111,115.0000,0.0000,мкг/л,2000
1319,11,0.05,Таганрогский залив,2101,Чёрное море,30,38.396300,46.967700,TPHs,0.0609,0.2100,0.0000,мг/л,2001
1320,11,100.0,Таганрогский залив,2101,Чёрное море,30,38.396300,46.967700,СПАВ,16.2727,145.0000,0.0000,мкг/л,2001
1321,53,0.05,Таганрогский залив,2101,Чёрное море,30,38.396300,46.967700,TPHs,0.0577,0.2100,0.0000,мг/л,2002
1322,53,100.0,Таганрогский залив,2101,Чёрное море,30,38.396300,46.967700,СПАВ,8.9811,40.0000,0.0000,мкг/л,2002
1323,22,0.05,Таганрогский залив,2101,Чёрное море,30,38.396300,46.967700,TPHs,0.0832,0.1600,0.0000,мг/л,2003
1324,22,100.0,Таганрогский залив,2101,Чёрное море,30,38.396300,46.967700,СПАВ,11.8182,60.0000,0.0000,мкг/л,2003
1325,15,0.05,Таганрогский залив,2101,Чёрное море,30,38.396300,46.967700,TPHs,0.1873,0.2700,0.0900,мг/л,2004
1326,15,100.0,Таганрогский залив,2101,Чёрное море,30,38.396300,46.967700,СПАВ,39.3333,70.0000,0.0000,мкг/л,2004
1327,22,0.05,Таганрогский залив,2101,Чёрное море,30,38.396300,46.967700,TPHs,0.2627,0.3900,0.0900,мг/л,2005
1328,22,100.0,Таганрогский залив,2101,Чёрное море,30,38.396300,46.967700,СПАВ,25.0000,60.0000,0.0000,мкг/л,2005
1329,24,0.05,Таганрогский залив,2101,Чёрное море,30,38.396300,46.967700,TPHs,0.0883,0.2800,0.0000,мг/л,2006
1330,24,100.0,Таганрогский залив,2101,Чёрное море,30,38.396300,46.967700,СПАВ,25.8333,50.0000,0.0000,мкг/л,2006
1331,24,0.05,Таганрогский залив,2101,Чёрное море,30,38.396300,46.967700,TPHs,0.0931,0.1800,0.0040,мг/л,2007
1332,24,100.0,Таганрогский залив,2101,Чёрное море,30,38.396300,46.967700,СПАВ,36.6667,50.0000,20.0000,мкг/л,2007
1333,24,0.05,Таганрогский залив,2101,Чёрное море,30,38.396300,46.967700,TPHs,0.0621,0.2000,0.0000,мг/л,2008
1334,24,100.0,Таганрогский залив,2101,Чёрное море,30,38.396300,46.967700,СПАВ,53.0000,230.0000,0.0000,мкг/л,2008
1335,24,0.05,Таганрогский залив,2101,Чёрное море,30,38.396300,46.967700,TPHs,0.0108,0.0800,0.0000,мг/л,2009
1336,24,100.0,Таганрогский залив,2101,Чёрное море,30,38.396300,46.967700,СПАВ,31.2500,100.0000,0.0000,мкг/л,2009
1337,82,0.05,Таганрогский залив,2101,Чёрное море,30,38.396300,46.967700,TPHs,0.0301,0.1600,0.0000,мг/л,2010
1338,87,100.0,Таганрогский залив,2101,Чёрное море,30,38.396300,46.967700,СПАВ,12.1839,90.0000,0.0000,мкг/л,2010
1339,106,0.05,Таганрогский залив,2101,Чёрное море,30,38.396300,46.967700,TPHs,0.1135,1.3900,0.0000,мг/л,2011
1340,107,100.0,Таганрогский залив,2101,Чёрное море,30,38.396300,46.967700,СПАВ,20.0093,70.0000,0.0000,мкг/л,2011
1341,20,0.05,Таганрогский залив,2101,Чёрное море,30,38.396300,46.967700,TPHs,0.0255,0.1000,0.0000,мг/л,2012
1342,20,100.0,Таганрогский залив,2101,Чёрное море,30,38.396300,46.967700,СПАВ,22.7500,46.0000,0.0000,мкг/л,2012
